Abbv,Country,Reimbursement,Corresponding_Office,Corresponding_Group,Region,Code,RipPartner,PartnerNo
AD,ANDORRA,0,Informa,Spain,Europe,21,NewCo Spain 3808 ,25
AE,ABU DHABI,0,UAE,UAE,Middle East,897,Newco UAE - CRIF (3703),12
AE,AJMAN,0,UAE,UAE,Middle East,898,Newco UAE - CRIF (3703),12
AE,DUBAI,0,UAE,UAE,Middle East,917,Newco UAE - CRIF (3703),12
AE,FUJAIRAH,0,UAE,UAE,Middle East,918,Newco UAE - CRIF (3703),12
AE,RAS AL KHAIMAH,0,UAE,UAE,Middle East,942,Newco UAE - CRIF (3703),12
AE,SHARJAH,0,UAE,UAE,Middle East,943,Newco UAE - CRIF (3703),12
AE,UMM AL QUWAIN,0,UAE,UAE,Middle East,952,Newco UAE - CRIF (3703),12
AE,UNITED ARAB EMIRATES,0,UAE,UAE,Middle East,777,Newco UAE - CRIF (3703),12
AF,AFGHANISTAN,0,DBNAfrica,DBNAfrica,Middle East,5,NewCo North Africa 3809,21
AG,ANTIGUA,0,CIAL D&B,LATAM,Latin America,28,1452 - LATAM ,36
AI,ANGUILLA,0,CIAL D&B,LATAM,Latin America,27,1452 - LATAM ,36
AL,ALBANIA,0,Bisnode Southern,EMC,Europe,9,EMC- Europe Ltd D&B No RMS,14
AM,ARMENIA,0,Interfax,Russian Federation,Europe,900,Russia 0754 (intco) ,26
AN,NETHERLANDS ANTILLES,0,CIAL D&B,LATAM,Latin America,525,1452 - LATAM ,36
AO,ANGOLA,0,DBNAfrica,DBNAfrica,Africa,25,NewCo North Africa 3809,21
AR,ARGENTINA,0,Argentina,Argentina,Latin America,33,Argentina (1452 LATAM DBXB),33
AS,SAMOA AMERICAN,0,Australia,Australia,Asia Pacific,17,DBI Australia - RIP Entity Code 145E,7
AT,AUSTRIA,0,Austria,Austria,Europe,41,Newco Austria 3801 ,27
AU,AUSTRALIA,0,Australia,Australia,Asia Pacific,37,DBI Australia - RIP Entity Code 145E,7
AW,ARUBA,0,CIAL D&B,LATAM,Latin America,34,1452 - LATAM ,36
AZ,AZERBAIJAN,0,Interfax,Russian Federation,Europe,905,Russia 0754 (intco) ,26
BA,BOSNIA HERZEGOVINA,0,Bisnode Southern,EMC,Europe,910,EMC- Europe Ltd D&B No RMS,14
BB,BARBADOS,0,CIAL D&B,LATAM,Latin America,65,1452 - LATAM ,36
BD,BANGLADESH,0,DBSame,DBSame,Middle East,61,NewCo Middle East (3701) ,2
BE,BELGIUM,0,BENELUX,Belgium,Europe,69,Altares Belgium,46
BF,BURKINA-FASO,0,DBNAfrica,DBNAfrica,Africa,101,NewCo North Africa 3809,21
BG,BULGARIA,0,EMC ICAP,EMC ICAP,Europe,100,Greece- Europe Ltd D&B No RMS,23
BH,BAHRAIN,0,DBSame,DBSame,Middle East,53,NewCo Middle East (3701) ,2
BI,BURUNDI,0,DBNAfrica,DBNAfrica,Africa,113,NewCo North Africa 3809,21
BJ,BENIN,0,DBNAfrica,DBNAfrica,Africa,72,NewCo North Africa 3809,21
BL,SAINT BARTHELEMY,0,ALTARES,France,Europe,625,Altares France,49
BM,BERMUDA,0,CIAL D&B,LATAM,Latin America,73,1452 - LATAM ,36
BN,BRUNEI,8.75,SINGAPORE,VIETNAM CORR,Asia Pacific,96,Singapore 1340,10
BO,BOLIVIA,0,CIAL D&B,LATAM,Latin America,81,1452 - LATAM ,36
BQ,BONAIRE,0,CIAL D&B,LATAM,Latin America,83,1452 - LATAM ,36
BR,BRAZIL,0,Brazil,Brazil,Latin America,89,Brazil LATAM DBXB ,34
BS,BAHAMAS,0,CIAL D&B,LATAM,Latin America,49,1452 - LATAM ,36
BT,BHUTAN,0,DBSame,DBSame,Middle East,77,NewCo Middle East (3701) ,2
BW,BOTSWANA,5,South Africa,South Africa,Africa,85,Newco South Africa Transunion,32
BY,BELARUS (BYELORUSSIA),0,Interfax,Russian Federation,Europe,915,Russia 0754 (intco) ,26
BZ,BELIZE,0,CIAL D&B,LATAM,Latin America,71,1452 - LATAM ,36
CA,CANADA,0,Canada,Canada,North America,121,Dun and Bradstreet Canada,48
CC,Cocos (Keeling) Islands ,0,Australia,Australia,Asia Pacific,37,DBI Australia - RIP Entity Code 145E,7
CD,Congo the Domocractic Republic of ,0,DBNAfrica,DBNAfrica,Africa,865,NewCo North Africa 3809,21
CF,CENTRAL AFRICAN REP,0,DBNAfrica,DBNAfrica,Africa,141,NewCo North Africa 3809,21
CG,CONGO,0,DBNAfrica,DBNAfrica,Africa,173,NewCo North Africa 3809,21
CH,SWITZERLAND,0,NewCoSwitzerlan,Switzerland,Europe,721,Newco Switzerland 3802,31
CI,IVORY COAST,0,DBNAfrica,DBNAfrica,Africa,361,NewCo North Africa 3809,21
CK,COOK ISLANDS,0,Australia,Australia,Asia Pacific,175,DBI Australia - RIP Entity Code 145E,7
CL,CHILE,0,CIAL D&B,LATAM,Latin America,153,1452 - LATAM ,36
CM,CAMEROON,0,DBNAfrica,DBNAfrica,Africa,117,NewCo North Africa 3809,21
CN,CHINA PEOPLES REP,0,China Peoples Rep,China Peoples Rep,Asia Pacific,157,China D&B MMDB (1305),1
CN-APPLE,CHINA PEOPLES REP,0,China Peoples Rep,China Peoples Rep,Asia Pacific,158,China D&B MMDB (1305),39
CO,COLOMBIA,0,COLOMBIA,LATAM,Latin America,165,1452 - LATAM  Colombia ,35
CR,COSTA RICA,0,CIAL D&B,LATAM,Latin America,177,1452 - LATAM ,36
CU,CUBA,0,,No Reporting Office,Latin America       ,181,None,0
CV,CAPE VERDE,0,DBNAfrica,DBNAfrica,Africa,127,NewCo North Africa 3809,21
CW,CURACAO,0,CIAL D&B,LATAM,Latin America,183,1452 - LATAM ,36
CX,CHRISTMAS ISLAND,0,Australia,Australia,Asia Pacific,916,DBI Australia - RIP Entity Code 145E,7
CY,CYPRUS,0,EMC ICAP,EMC ICAP,Europe,185,Greece- Europe Ltd D&B No RMS,23
CZ,CZECH REPUBLIC,0,Czech Republic,Czech Republic,Europe,190,NewCo Czech Republic 3803 ,15
DE,GERMANY,0,NewCoGermany,Germany,Europe,269,Newco Germany 3800,28
DJ,DJIBOUTI,0,DBNAfrica,DBNAfrica,Africa,198,NewCo North Africa 3809,21
DK,DENMARK,0,Denmark,Denmark,Europe,197,Newco Denmark 3602 ,16
DM,DOMINICA,0,CIAL D&B,LATAM,Latin America,199,1452 - LATAM ,36
DO,DOMINICAN REPUBLIC,0,CIAL D&B,LATAM,Latin America,201,1452 - LATAM ,36
DZ,ALGERIA,5,Altares,Altares,Africa,13,Altares Newco Maghreb (3402),13
EC,ECUADOR,0,CIAL D&B,LATAM,Latin America,209,1452 - LATAM ,36
EE,ESTONIA,0,KREDITIN,EMC,Europe,219,EMC- Europe Ltd D&B No RMS,14
EG,EGYPT (ARAB REP OF),0,CRIF Gulf,Egypt,Africa,29,Newco UAE - CRIF (3703),12
ER,ERITREA,0,DBNAfrica,DBNAfrica,Africa,919,NewCo North Africa 3809,21
ES,SPAIN,0,Informa,Spain,Europe,693,NewCo Spain 3808 ,25
ET,ETHIOPIA,0,DBNAfrica,DBNAfrica,Africa,221,NewCo North Africa 3809,21
FI,FINLAND,0,Finland,Finland,Europe,237,Newco Finland 3603,17
FJ,FIJI,0,Australia,Australia,Asia Pacific,233,DBI Australia - RIP Entity Code 145E,7
FK,FAROE ISLANDS,0,DBNAfrica,DBNAfrica,Europe,229,NewCo North Africa 3809,21
FM,CAROLINE ISLANDS,0,Australia,Australia,Asia Pacific,135,DBI Australia - RIP Entity Code 145E,7
FM,MICRONESIA FED ST,0,Australia,Australia,Asia Pacific,491,DBI Australia - RIP Entity Code 145E,7
FO,FALKLAND ISLANDS,0,Denmark,Denmark,Africa,225,Newco Denmark 3602 ,16
FR,FRANCE,0,ALTARES,France,Europe,241,Altares France,49
GA,GABON,0,DBNAfrica,DBNAfrica,Africa,253,NewCo North Africa 3809,21
GB,ENGLAND,0,Dublin,United Kingdom,Europe,785,Dun and Bradstreet UK,50
GB,UNITED KINGDOM,0,Dublin,United Kingdom,Europe,790,Dun and Bradstreet UK,50
GD,GRENADA,0,CIAL D&B,LATAM,Latin America,291,1452 - LATAM ,36
GE,GEORGIA,0,Interfax,Russian Federation,Europe,920,Russia 0754 (intco) ,26
GF,FRENCH GUYANA,0,ALTARES,France,Europe,245,Altares Newco Maghreb (3402),13
GH,GHANA,0,DBNAfrica,DBNAfrica,Africa,273,NewCo North Africa 3809,21
GI,GIBRALTAR,0,EMC,GIBRALTAR,Europe,277,EMC- Europe Ltd D&B No RMS,14
GL,GREENLAND,0,Denmark,Denmark,Europe,289,Newco Denmark 3602 ,16
GM,GAMBIA,0,DBNAfrica,DBNAfrica,Africa,261,NewCo North Africa 3809,21
GN,GUINEA,0,DBNAfrica,DBNAfrica,Africa,305,NewCo North Africa 3809,21
GP,GUADELOUPE,0,ALTARES,France,Europe,293,Altares Newco Maghreb (3402),13
GQ,EQUATORIAL GUINEA,0,DBNAfrica,DBNAfrica,Africa,217,NewCo North Africa 3809,21
GR,GREECE,0,EMC ICAP,EMC ICAP,Europe,285,Greece- Europe Ltd D&B No RMS,23
GT,GUATEMALA,0,CIAL D&B,LATAM,Latin America,301,1452 - LATAM ,36
GU,GUAM,0,Australia,Australia,Asia Pacific,297,DBI Australia - RIP Entity Code 145E,7
GW,GUINEA-BISSAU,0,DBNAfrica,DBNAfrica,Africa,303,NewCo North Africa 3809,21
GY,GUYANA,0,CIAL D&B,LATAM,Latin America,309,1452 - LATAM ,36
HK,HONG KONG,0,Hong Kong,Hong Kong,Asia Pacific,321,hong Kong D&B 1310,3
HN,HONDURAS,0,CIAL D&B,LATAM,Latin America,317,1452 - LATAM ,36
HR,CROATIA,0,Bisnode Southern,EMC,Europe,179,EMC- Europe Ltd D&B No RMS,14
HT,HAITI,0,CIAL D&B,LATAM,Latin America,313,1452 - LATAM ,36
HU,HUNGARY,0,Hungary,Hungary,Europe,325,Newco Hungary 3804,29
ID,INDONESIA,0,INDONESIA,INDONESIA,Asia Pacific,337,Singapore 1340,10
IE,IRELAND REPUBLIC OF,0,Dublin,Ireland,Europe,349,Dun and Bradstreet Ireland,51
IL,ISRAEL,0,Israel,Israel,Middle East,353,Newco Israel 3500,30
IN,INDIA,0,INDIA,INDIA,Asia Pacific,333,India,4
IQ,IRAQ,0,DBSame,DBSame,Middle East,345,NewCo Middle East (3701) ,2
IR,IRAN,0,DBSame,DBSame,Middle East,341,NewCo Middle East (3701) ,2
IS,ICELAND,0,EMC,ICELAND,Europe,329,EMC- Europe Ltd D&B No RMS,14
IT,ITALY,0,CRIBIS,Italy,Europe,357,CRIBIS,52
JM,JAMAICA,0,CIAL D&B,LATAM,Latin America,365,1452 - LATAM ,36
JO,JORDAN,0,DBSame,DBSame,Middle East,377,NewCo Middle East (3701) ,2
JP,JAPAN,0,Japan,Japan,Asia Pacific,369,Japan 0625,5
KE,KENYA,0,DBNAfrica,DBNAfrica,Africa,381,NewCo North Africa 3809,21
KG,KIRGHIZIA,0,Interfax,Russian Federation,Europe,930,Russia 0754 (intco) ,26
KH,CAMBODIA,8.75,SINGAPORE,VIETNAM CORR,Asia Pacific,379,Singapore 1340,10
KI,KIRIBATI,0,Australia,Australia,Asia Pacific,387,DBI Australia - RIP Entity Code 145E,7
KL,KERGUELEN ISLANDS,0,ALTARES,France,Europe,383,Altares Newco Maghreb (3402),13
KM,COMORO ISLANDS,0,DBNAfrica,DBNAfrica,Africa,169,NewCo North Africa 3809,21
KN,ST KITTS-NEVIS,0,CIAL D&B,LATAM,Latin America,629,1452 - LATAM ,36
KR,KOREA SOUTH (REP OF),0,Korea South (Rep Of),Korea South (Rep Of),Asia Pacific,393,NewCo Korea South (3400) ,8
KW,KUWAIT,0,DBSame,DBSame,Middle East,397,NewCo Middle East (3701) ,2
KY,CAYMAN ISLANDS,0,CIAL D&B,LATAM,Latin America,131,1452 - LATAM ,36
KZ,KAZAKHSTAN,0,Interfax,Russian Federation,Europe,925,Russia 0754 (intco) ,26
LA,LAOS,8.75,SINGAPORE,VIETNAM CORR,Asia Pacific,401,Singapore 1340,10
LB,LEBANON,0,DBSame,DBSame,Middle East,405,NewCo Middle East (3701) ,2
LC,ST LUCIA,0,CIAL D&B,LATAM,Latin America,633,1452 - LATAM ,36
LI,LIECHTENSTEIN,0,NewCoSwitzerlan,Switzerland,Europe,421,Newco Switzerland 3802,31
LK,SRI LANKA,0,DBSame,DBSame,Middle East,701,NewCo Middle East (3701) ,2
LR,LIBERIA,0,DBNAfrica,DBNAfrica,Africa,413,NewCo North Africa 3809,21
LS,LESOTHO,5,South Africa,South Africa,Africa,409,Newco South Africa Transunion,32
LT,LITHUANIA,0,BALTFAKT,EMC,Europe,425,EMC- Europe Ltd D&B No RMS,14
LU,LUXEMBOURG,0,BENELUX,Luxembourg,Europe,429,Altares Luxembourg,54
LV,LATVIA,0,DATASVC,EMC,Europe,935,EMC- Europe Ltd D&B No RMS,14
LY,LIBYA,0,DBNAfrica,DBNAfrica,Africa,417,NewCo North Africa 3809,21
MA,MOROCCO,5,Altares,Altares,Africa,505,Altares Newco Maghreb (3402),13
MC,MONACO,0,ALTARES,France,Europe,497,Altares Newco Maghreb (3402),13
MD,MOLDOVA,0,Interfax,Russian Federation,Europe,940,Russia 0754 (intco) ,26
ME,MONTENEGRO,0,Bisnode Southern,EMC,Europe,498,EMC- Europe Ltd D&B No RMS,14
MF,SAINT MARTIN,0,ALTARES,France,Europe,644,Altares France,49
MG,MADAGASCAR/MALAGASY,0,DBNAfrica,DBNAfrica,Africa,441,NewCo North Africa 3809,21
MH,MARSHALL ISLANDS,0,Australia,Australia,Asia Pacific,469,DBI Australia - RIP Entity Code 145E,7
MK,MACEDONIA,0,Bisnode Southern,EMC,Europe,965,EMC- Europe Ltd D&B No RMS,14
ML,MALI,0,DBNAfrica,DBNAfrica,Africa,457,NewCo North Africa 3809,21
MM,MYANMAR,8.75,SINGAPORE,VIETNAM CORR,Asia Pacific,510,Singapore 1340,10
MO,MACAU,0,Hong Kong,Hong Kong,Asia Pacific,433,hong Kong D&B 1310,3
MP,NORTHERN MARIANA ISLAND,0,Australia,Australia,Asia Pacific,551,DBI Australia - RIP Entity Code 145E,7
MQ,MARTINIQUE,0,ALTARES,France,Europe,473,Altares France,49
MR,MAURITANIA,0,DBNAfrica,DBNAfrica,Africa,477,NewCo North Africa 3809,21
MS,MONTSERRAT,0,CIAL D&B,LATAM,Latin America,501,1452 - LATAM ,36
MT,MALTA,0,EMC,MALTA,Europe,461,EMC- Europe Ltd D&B No RMS,14
MU,MAURITIUS,0,DBSame,DBSame,Africa,481,NewCo Middle East (3701) ,2
MV,MALDIVES,0,DBSame,DBSame,Middle East,453,NewCo Middle East (3701) ,2
MW,MALAWI,0,DBNAfrica,DBNAfrica,Africa,445,NewCo North Africa 3809,21
MX,MEXICO,0,Mexico,Mexico,Latin America,489,Mexico LATAM DBXB,37
MY,MALAYSIA,0,Malaysia,Malaysia,Asia Pacific,449,Malaysia D&B 1330,6
MZ,MOZAMBIQUE,0,DBNAfrica,DBNAfrica,Africa,509,NewCo North Africa 3809,21
NA,NAMIBIA,5,South Africa,South Africa,Africa,511,Newco South Africa Transunion,32
NC,NEW CALEDONIA,0,ALTARES,France,Europe,529,Altares Newco Maghreb (3402),13
NE,NIGER,0,DBNAfrica,DBNAfrica,Africa,545,NewCo North Africa 3809,21
NF,NORFOLK ISLAND,0,Australia,Australia,Asia Pacific,552,DBI Australia - RIP Entity Code 145E,7
NG,NIGERIA,0,DBNAfrica,DBNAfrica,Africa,549,NewCo North Africa 3809,21
NI,NICARAGUA,0,CIAL D&B,LATAM,Latin America,541,1452 - LATAM ,36
NL,NETHERLANDS,0,BENELUX,Netherlands,Europe,521,Altares Netherlands,53
NO,NORWAY,0,Norway,Norway,Europe,553,NewCo Norway 3601,18
NP,NEPAL,0,DBSame,DBSame,Middle East,517,NewCo Middle East (3701) ,2
NR,NAURU,0,Australia,Australia,Asia Pacific,513,DBI Australia - RIP Entity Code 145E,7
NU,NIUE,0,Australia,Australia,Asia Pacific,570,DBI Australia - RIP Entity Code 145E,7
NZ,NEW ZEALAND,0,New Zealand,New Zealand,Asia Pacific,537,DBXB ANZ - RIP Entity Code 1491,9
OM,OMAN,0,DBSame,DBSame,Middle East,561,NewCo Middle East (3701) ,2
PA,PANAMA,0,CIAL D&B,LATAM,Latin America,569,1452 - LATAM ,36
PE,PERU,0,Peru,Peru,Latin America,585,Peru LATAM DBXB,38
PF,FRENCH POLYNESIA,0,Australia,Australia,Asia Pacific,249,DBI Australia - RIP Entity Code 145E,7
PG,ADMIRALTY ISLANDS,0,Australia,Australia,Asia Pacific,901,DBI Australia - RIP Entity Code 145E,7
PG,PAPUA NEW GUINEA,0,Australia,Australia,Asia Pacific,573,DBI Australia - RIP Entity Code 145E,7
PH,PHILIPPINES,0,PHILIPPINES,PHILIPPINES,Asia Pacific,589,Singapore 1340,10
PK,PAKISTAN,0,DBSame,DBSame,Middle East,565,NewCo Middle East (3701) ,2
PL,POLAND,0,Poland,Poland,Europe,597,NewCo Poland 3805,19
PM,ST PIERRE,0,ALTARES,France,Europe,635,Altares Newco Maghreb (3402),13
PN,PITCAIRN,0,Australia,Australia,Asia Pacific,593,DBI Australia - RIP Entity Code 145E,7
PR,PUERTO RICO,0,U.S.,USA,North America,805,Dun and Bradstreet US,47
PS,PALESTINE TERRIROTY,0,Israel,Israel,Middle East,568,Newco Israel 3500,30
PT,PORTUGAL,0,Informa,Portugal,Europe,601,NewCo Portugal 3807 ,24
PW,PALAU,0,Australia,Australia,Asia Pacific,901,DBI Australia - RIP Entity Code 145E,7
PY,PARAGUAY,0,Argentina,Argentina,Latin America,581,Argentina (1452 LATAM DBXB),33
QA,QATAR,0,DBSame,DBSame,Middle East,613,NewCo Middle East (3701) ,2
RE,REUNION ISLAND,0,ALTARES,France,Europe,617,Altares Newco Maghreb (3402),13
RO,ROMANIA,0,EMC ICAP,EMC ICAP,Europe,620,Greece- Europe Ltd D&B No RMS,23
RS,SERBIA,0,Bisnode Southern,EMC,Europe,663,EMC- Europe Ltd D&B No RMS,14
RU,RUSSIAN FEDERATION,0,Interfax,Russian Federation,Europe,622,Russia 0754 (intco) ,26
RW,RWANDA,0,DBNAfrica,DBNAfrica,Africa,623,NewCo North Africa 3809,21
SA,SAUDI ARABIA,0,DBSame,DBSame,Middle East,657,NewCo Middle East (3701) ,2
SB,SOLOMON ISLANDS,0,Australia,Australia,Asia Pacific,679,DBI Australia - RIP Entity Code 145E,7
SC,SEYCHELLES,0,DBNAfrica,DBNAfrica,Africa,665,NewCo North Africa 3809,21
SD,SUDAN,0,DBNAfrica,DBNAfrica,Africa,705,NewCo North Africa 3809,21
SE,SWEDEN,0,Sweden,Sweden,Europe,717,Newco Sweden 3600,20
SG,SINGAPORE,0,Singapore,Singapore,Asia Pacific,677,Singapore 1340,10
SH,ASCENSION ISLANDS,0,DBNAfrica,DBNAfrica,Africa,35,NewCo North Africa 3809,21
SH,ST HELENA,0,DBNAfrica,DBNAfrica,Africa,626,NewCo North Africa 3809,21
SI,SLOVENIA,0,Bisnode Southern,EMC,Europe,678,EMC- Europe Ltd D&B No RMS,14
SK,SLOVAKIA,0,Czech Republic,Czech Republic,Europe,680,NewCo Czech Republic 3803 ,15
SL,SIERRA LEONE,0,DBNAfrica,DBNAfrica,Africa,669,NewCo North Africa 3809,21
SM,SAN MARINO,0,CRIBIS,Italy,Europe,649,CRIBIS,52
SN,SENEGAL,0,DBNAfrica,DBNAfrica,Africa,661,NewCo North Africa 3809,21
SO,SOMALIA,0,DBNAfrica,DBNAfrica,Africa,681,NewCo North Africa 3809,21
SR,SURINAME,0,CIAL D&B,LATAM,Latin America,709,1452 - LATAM ,36
SS,SOUTH SUDAN,0,DBNAfrica,DBNAfrica,Africa,690,NewCo North Africa 3809,21
ST,SAO TOME & PRINCIPE,0,DBNAfrica,DBNAfrica,Africa,653,NewCo North Africa 3809,21
SV,EL SALVADOR,0,CIAL D&B,LATAM,Latin America,213,1452 - LATAM ,36
GS,SOUTH GEORGIA,0,DBSame,DBSame,Middle East,944,NewCo Middle East (3701) ,2
GS,SOUTH SANDWICH ISLANDS,0,DBSame,DBSame,Middle East,947,NewCo Middle East (3701) ,2
SX,SINT MAARTEN ,0,CIAL D&B,LATAM,Latin America,634,1452 - LATAM ,36
SY,SYRIA,0,DBSame,DBSame,Middle East,725,NewCo Middle East (3701) ,2
SZ,SWAZILAND,5,South Africa,South Africa,Africa,713,Newco South Africa Transunion,32
TC,TURKS & CAICOS ISLANDS,0,CIAL D&B,LATAM,Latin America,765,1452 - LATAM ,36
TD,CHAD,0,DBNAfrica,DBNAfrica,Africa,149,NewCo North Africa 3809,21
TG,TOGO,0,DBNAfrica,DBNAfrica,Africa,741,NewCo North Africa 3809,21
TH,THAILAND,0,THAILAND,THAILAND,Asia Pacific,733,Singapore 1340,10
TJ,TAJIKISTAN,0,Interfax,Russian Federation,Europe,945,Russia 0754 (intco) ,26
TK,TOKELAU ISLAND,0,Australia,Australia,Asia Pacific,946,DBI Australia - RIP Entity Code 145E,7
TL,EAST TIMOR,0,INDONESIA,INDONESIA,Asia Pacific,205,Singapore 1340,10
TM,TURKMENISTAN,0,Interfax,Russian Federation,Europe,950,Russia 0754 (intco) ,26
TN,TUNISIA,5,Altares,Altares,Africa,757,Altares Newco Maghreb (3402),13
TO,TONGA,0,Australia,Australia,Asia Pacific,745,DBI Australia - RIP Entity Code 145E,7
TR,TURKEY,0,DNBTurkey,Turkey,Europe,761,Turkey- Europe Ltd D&B No RMS,22
TT,TRINIDAD & TOBAGO,0,CIAL D&B,LATAM,Latin America,749,1452 - LATAM ,36
TV,TUVALU,0,Australia,Australia,Asia Pacific,767,DBI Australia - RIP Entity Code 145E,7
TW,TAIWAN,0,Taiwan,Taiwan,Asia Pacific,161,Taiwan 1360,11
TZ,TANZANIA,0,DBNAfrica,DBNAfrica,Africa,729,NewCo North Africa 3809,21
UA,UKRAINE,0,Interfax,Russian Federation,Europe,771,Russia 0754 (intco) ,26
UG,UGANDA,0,DBNAfrica,DBNAfrica,Africa,769,NewCo North Africa 3809,21
UK,NORTHERN IRELAND,0,Dublin,United Kingdom,Europe,793,Dun and Bradstreet UK,50
UK,SCOTLAND,0,Dublin,United Kingdom,Europe,797,Dun and Bradstreet UK,50
UK,WALES,0,Dublin,United Kingdom,Europe,801,Dun and Bradstreet UK,50
UM,MIDWAY ISLAND,0,Australia,Australia,Asia Pacific,938,DBI Australia - RIP Entity Code 145E,7
US,UNITED STATES,0,U.S.,USA,North America,805,Dun and Bradstreet US,47
UY,URUGUAY,0,Argentina,Argentina,Latin America,813,Argentina (1452 LATAM DBXB),33
UZ,UZBEKISTAN,0,Interfax,Russian Federation,Europe,955,Russia 0754 (intco) ,26
VC,ST VINCENT,0,CIAL D&B,LATAM,Latin America,637,1452 - LATAM ,36
VE,VENEZUELA,0,CIAL D&B,LATAM,Latin America,821,1452 - LATAM ,36
VG,VIRGIN ISLANDS UK,0,CIAL D&B,LATAM,Latin America,93,1452 - LATAM ,36
VI,VIRGIN ISLANDS US,0,U.S.,USA,North America,833,Dun and Bradsteet US,47
VN,VIETNAM,0,SINGAPORE,VIETNAM CORR,Asia Pacific,829,Singapore 1340,10
VA,VATICAN CITY,0,CRIBIS,Italy,Europe,819,CRIBIS,52
VU,VANUATU,0,Australia,Australia,Asia Pacific,816,DBI Australia - RIP Entity Code 145E,7
WF,WALLIS & FUTUNA ISLANDS,0,ALTARES,France,Europe,841,Altares Newco Maghreb (3402),13
WK,WAKE ISLAND,0,Australia,Australia,Asia Pacific,970,DBI Australia - RIP Entity Code 145E,7
WS,SAMOA WESTERN,0,Australia,Australia,Asia Pacific,641,DBI Australia - RIP Entity Code 145E,7
XK,KOSOVO,0,Bisnode Southern,EMC,Europe,392,EMC- Europe Ltd D&B No RMS,14
XT,TURKISH REP OF N CYPRUS,0,DNBTurkey,Turkey,Europe,763,Turkey- Europe Ltd D&B No RMS,22
YE,YEMEN ARAB REPUBLIC,0,DBSame,DBSame,Middle East,853,NewCo Middle East (3701) ,2
YM,YEMEN SOUTH,0,DBSame,DBSame,Middle East,857,NewCo Middle East (3701) ,2
YT,MAYOTTE,8,ALTARES,France,Europe,937,Altares Newco Maghreb (3402),13
YU,SERBIA & MONTENEGRO,0,Bisnode Southern,EMC,Europe,861,EMC- Europe Ltd D&B No RMS,14
ZA,SOUTH AFRICA,5,South Africa,South Africa,Africa,685,Newco South Africa Transunion,32
ZM,ZAMBIA,0,DBNAfrica,DBNAfrica,Africa,869,NewCo North Africa 3809,21
ZR,ZAIRE,0,DBNAfrica,DBNAfrica,Africa,865,NewCo North Africa 3809,21
ZW,ZIMBABWE,5,South Africa,South Africa,Africa,873,Newco South Africa Transunion,32
