﻿JsonPath,Description,33550,33766,33549,33551,33553,33552,33554,33555,33537,33771,33770,33769,33538,33542,33767,33539,33541,33540,33558,33560,33559,33768,33562,33563,33564,33566,33567,33568,33569,33570,33571,33572,33573,33574,34378,33575,33576,33543,33544
ResearchSubType,,Primary Business Name,Trade Style Name,Address,Employees (Here and Total),Sales,Chief Executive Officer (CEO),Line of Business,Telephone Number,Financial Statement Missing ,Remove Financial Statement,Financial Ratios,Financial Figures,Legal Form,Year Started,Control Date,Principal Names & Titles,Stock Ownership,Related Companies/Affiliates,Business Operating Status,Duplicate record exists,Acquisition occurred,Merger occurred,Incorrect Ownership,Remove ownership linkage,New D-U-N-S Number Needed for Linkage,D&B Rating ,Delinquency Score/Commercial Credit Score (CCS),Credit Recommendation,Financial Stress Score (FSS),Paydex,Supplier Qualifier/Evaluation Report (SER),Supplier Stability Indicator (SSI),Viability Rating,Add business - Full Risk Review,Full Credit Risk Review,Add business - Mini Inquiry - Identity Data Only,New DUNS Self Request,Bankruptcy,Business Registration
researchRequest.requestMethodCode,,Required,Required,Required,Required,Required,Required,Required,Required,Required,Required,Required,Required,Required,Required,Required,Required,Required,Required,Required,Required,Required,Required,Required,Required,Required,Required,Required,Required,Required,Required,Required,Required,Required,Required,Required,Required,Required,Required,Required
researchRequest.isSubmitterActingOnBehalfOfRequestor,,,,,,,,,,,,,,,,,,,,,,,,,,,,,,,,,,,,,,,,
researchRequest.subscriberNumber,,,,,,,,,,,,,,,,,,,,,,,,,,,,,,,,,,,,,,,,
researchRequest.requestorOrganizationName,Subscriber Name,,,,,,,,,,,,,,,,,,,,,,,,,,,,,,,,,,,,,,,
researchRequest.requestorCountryCode,,,,,,,,,,,,,,,,,,,,,,,,,,,,,,,,,,,,,,,,
researchRequest.requestorPreferredLanguageCode,,Required,Required,Required,Required,Required,Required,Required,Required,Required,Required,Required,Required,Required,Required,Required,Required,Required,Required,Required,Required,Required,Required,Required,Required,Required,Required,Required,Required,Required,Required,Required,Required,Required,Required,Required,Required,Required,Required,Required
researchRequest.internalDnbRequestorName,,,,,,,,,,,,,,,,,,,,,,,,,,,,,,,,,,,,,,,,
researchRequest.notificationContacts[].emailAddress,notificationContacts[].emailAddress,,,,,,,,,,,,,,,,,,,,,,,,,,,,,,,,,,,,,,,
researchRequest.notificationContacts[].contactOrganizationRoleCode,notificationContacts[].contactOrganizationRoleCode,,,,,,,,,,,,,,,,,,,,,,,,,,,,,,,,,,,,,,,
researchComments[0].researchComment,researchComments[0].researchComment,,,,,,,,,,,,,,,,,,,,,,,,,,,,,,,,,,,,,,,
requestorOwnRequestKey,requestorOwnRequestKey,,,,,,,,,,,,,,,,,,,,,,,,,,,,,,,,,,,,,,,
subjectResearch.researchTypes[].researchSubTypeCode,researchSubTypes,Required,Required,Required,Required,Required,Required,Required,Required,Required,Required,Required,Required,Required,Required,Required,Required,Required,Required,Required,Required,Required,Required,Required,Required,Required,Required,Required,Required,Required,Required,Required,Required,Required,Required,Required,Required,Required,Required,Required
subjectResearch.researchTypes[].researchTypeCode,subjectResearch.researchTypes[].researchTypeCode,,,,,,,,,,,,,,,,,,,,,,,,,,,,,,,,,,,,,,,
subjectResearch.submittedData.duns,submittedData.duns,Required,Required,Required,Required,Required,Required,Required,Required,Required,Required,Required,Required,Required,Required,Required,Required,Required,Required,Required,Required,Required,Required,Required,Required,Not Allowed,Required,Required,Required,Required,Required,Required,Required,Required,Not Allowed,Required,Not Allowed,Not Allowed,Required,Required
subjectResearch.submittedData.url,submittedData.url,,,,,,,,,,,,,,,,,,,,,,,,,,,,,,,,,,,,,,,
subjectResearch.submittedData.contacts[0].contactName,submittedData.contacts[0].contactName,,,,,,,,,,,,,,,,,,,,,,,,,,,,,,,,,,,,,,,
subjectResearch.submittedData.contacts[0].emailAddress,submittedData.contacts[0].emailAddress,,,,,,,,,,,,,,,,,,,,,,,,,,,,,,,,,,,,,,,
subjectResearch.submittedData.contacts[0].phones[0].telephone,submittedData.contacts[0].phones[0].telephone,,,,,,,,,,,,,,,,,,,,,,,,,,,,,,,,,,,,,,,
subjectResearch.submittedData.contacts[0].phones[0].isdCode,submittedData.contacts[0].phones[0].isdCode,,,,,,,,,,,,,,,,,,,,,,,,,,,,,,,,,,,,,,,
subjectResearch.submittedData.organizationName,submittedData.organizationName,Required,,,,,,,,,,,,,,,,,,,,,,,,Required,,,,,,,,,Required,,Required,Required,,
subjectResearch.submittedData.tradeStyleName,submittedData.tradeStyleName,,,,,,,,,,,,,,,,,,,,,,,,,,,,,,,,,,,,,,,
subjectResearch.submittedData.countryCode,submittedData.countryCode,,,Required,,,,,,,,,,,,,,,,,,,,,,Required,,,,,,,,,Required,,Required,Required,,
subjectResearch.submittedData.addresses[0].addressUsageTypeCode,submittedData.addresses[0].addressUsageTypeCode,,,Required,,,,,,,,,,,,,,,,,,,,,,,,,,,,,,,,,,,,
subjectResearch.submittedData.addresses[0].territory,submittedData.addresses[0].territory,,,Conditional:if(country=US),,,,,,,,,,,,,,,,,,,,,,Conditional,,,,,,,,,Conditional,,Conditional,Conditional,,
subjectResearch.submittedData.addresses[0].streetAddress,submittedData.addresses[0].streetAddress,,,Required,,,,,,,,,,,,,,,,,,,,,,Required,,,,,,,,,Required,,Required,Required,,
subjectResearch.submittedData.addresses[0].town,submittedData.addresses[0].town,,,Required,,,,,,,,,,,,,,,,,,,,,,Required,,,,,,,,,Required,,Required,Required,,
subjectResearch.submittedData.addresses[0].postalCode,submittedData.addresses[0].postalCode,,,Required,,,,,,,,,,,,,,,,,,,,,,,,,,,,,,,,,,,,
subjectResearch.submittedData.addresses[0].county,submittedData.addresses[0].county,,,,,,,,,,,,,,,,,,,,,,,,,,,,,,,,,,,,,,,
subjectResearch.submittedData.numberOfEmployees,submittedData.numberOfEmployees,,,,,,,,,,,,,,,,,,,,,,,,,,,,,,,,,,,,,,,
subjectResearch.submittedData.salesAmount,submittedData.salesAmount,,,,,,,,,,,,,,,,,,,,,,,,,,,,,,,,,,,,,,,
subjectResearch.submittedData.ceoName,submittedData.ceoName,,,,,,,,,,,,,,,,,,,,,,,,,,,,,,,,,,,,,,,
subjectResearch.submittedData.ceoJobTitle,submittedData.ceoJobTitle,,,,,,MandatoryConditional(submittedData.ceoName),,,,,,,,,,,,,,,,,,,,,,,,,,,,,,,,,
subjectResearch.submittedData.primaryIndustryDescription,submittedData.primaryIndustryDescription,,,,,,,,,,,,,,,,,,,,,,,,,,,,,,,,,,,,,,,
subjectResearch.submittedData.industry.primaryIndustryCode,submittedData.industry.primaryIndustryCode,,,,,,,,,,,,,,,,,,,,,,,,,,,,,,,,,,,,,,,
subjectResearch.submittedData.industry.industryCodeTypeCode,submittedData.industry.industryCodeTypeCode,,,,,,,,,,,,,,,,,,,,,,,,,,,,,,,,,,,,,,,
subjectResearch.submittedData.organizationPhones[0].telephone,submittedData.organizationPhones[0].telephone,,,,,,,,,,,,,,,,,,,,,,,,,,,,,,,,,,,,,Required,,
subjectResearch.submittedData.organizationPhones[0].isdCode,submittedData.organizationPhones[0].isdCode,,,,,,,,,,,,,,,,,,,,,,,,,,,,,,,,,,,,,,,
researchComments[1].researchComment,researchComments[].researchComment,,,,,,,,,,,,,,,,,,,,,,,,,,,,,,,,,,,,,,,
researchComments[2].researchComment,researchComments[].researchComment,,,,,,,,,,,Required,,,,,,,,,,,,,,,,,,,,,,,,,,,,
researchComments[3].researchComment,researchComments[].researchComment,,,,,,,,,,,,Required,,,,,,,,,,,,,,,,,,,,,,,,,,,
subjectResearch.submittedData.legalFormDescription,submittedData.legalFormDescription,,,,,,,,,,,,,,,,,,,,,,,,,,,,,,,,,,,,,,,
subjectResearch.submittedData.startYear,submittedData.startYear,,,,,,,,,,,,,,,,,,,,,,,,,,,,,,,,,,,,,,,
subjectResearch.submittedData.controlDate,submittedData.controlDate,,,,,,,,,,,,,,,,,,,,,,,,,,,,,,,,,,,,,,,
subjectResearch.submittedData.principals[0].principalName,submittedData.principals[0].principalName,,,,,,,,,,,,,,,,,,,,,,,,,,,,,,,,,,,,,,,
subjectResearch.submittedData.principals[0].jobTitle,submittedData.principals[0].jobTitle,,,,,,,,,,,,,,,,MandatoryConditional(submittedData.principals[].principalName),,,,,,,,,,,,,,,,,,,,,,,
subjectResearch.submittedData.shareOwnership[0].shareOwnerName,submittedData.shareOwnership[0].shareOwnerName,,,,,,,,,,,,,,,,,,,,,,,,,,,,,,,,,,,,,,,
subjectResearch.submittedData.shareOwnership[0].ownershipSharePercentage,submittedData.shareOwnership[0].ownershipSharePercentage,,,,,,,,,,,,,,,,,Conditional(shareOwnerName),,,,,,,,,,,,,,,,,,,,,,
subjectResearch.submittedData.submittedRelatedOrganizations[0].organizationName,submittedData.submittedRelatedOrganizations[0].organizationName,,,,,,,,,,,,,,,,,,,,,,,,,,,,,,,,,,,,,,,
subjectResearch.submittedData.isActiveBusiness,submittedData.isActiveBusiness,,,,,,,,,,,,,,,,,,,Required,,,,,,,,,,,,,,,,,,,,
subjectResearch.submittedData.submittedDuplicateDunsNumbers[].duns,submittedData.submittedDuplicateDunsNumbers[].duns,,,,,,,,,,,,,,,,,,,,Required,,,,,,,,,,,,,,,,,,,
subjectResearch.submittedData.acquirer.duns,submittedData.acquirer.duns,,,,,,,,,,,,,,,,,,,,,MandatoryConditional(!submittedData.acquirer.organizationName),MandatoryConditional(!submittedData.acquirer.organizationName),,,,,,,,,,,,,,,,,
subjectResearch.submittedData.acquirer.organizationName,submittedData.acquirer.organizationName,,,,,,,,,,,,,,,,,,,,,,,,,,,,,,,,,,,,,,,
subjectResearch.submittedData.acquirer.countryCode,submittedData.acquirer.countryCode,,,,,,,,,,,,,,,,,,,,,Conditional(!submittedData.acquirer.duns),Conditional(!submittedData.acquirer.duns),,,,,,,,,,,,,,,,,
subjectResearch.submittedData.acquirer.address.addressUsageTypeCode,submittedData.acquirer.address.addressUsageTypeCode,,,,,,,,,,,,,,,,,,,,,,,,,,,,,,,,,,,,,,,
subjectResearch.submittedData.acquirer.address.streetAddress,submittedData.acquirer.address.streetAddress,,,,,,,,,,,,,,,,,,,,,,,,,,,,,,,,,,,,,,,
subjectResearch.submittedData.acquirer.address.town,submittedData.acquirer.address.town,,,,,,,,,,,,,,,,,,,,,,,,,,,,,,,,,,,,,,,
subjectResearch.submittedData.acquirer.address.territory,submittedData.acquirer.address.territory,,,,,,,,,,,,,,,,,,,,,,,,,,,,,,,,,,,,,,,
subjectResearch.submittedData.acquirer.address.postalCode,submittedData.acquirer.address.postalCode,,,,,,,,,,,,,,,,,,,,,,,,,,,,,,,,,,,,,,,
subjectResearch.submittedData.acquirer.telephone.telephone,submittedData.acquirer.telephone.telephone,,,,,,,,,,,,,,,,,,,,,,,,,,,,,,,,,,,,,,,
subjectResearch.submittedData.acquirer.telephone.isdCode,submittedData.acquirer.telephone.isdCode,,,,,,,,,,,,,,,,,,,,,,,,,,,,,,,,,,,,,,,
subjectResearch.submittedData.owner.ownerIdentity.duns,submittedData.owner.ownerIdentity.duns,,,,,,,,,,,,,,,,,,,,,,,Conditional(!submittedData.owner.ownerIdentity.organizationName),Conditional(!submittedData.owner.ownerIdentity.organizationName),Conditional(!submittedData.owner.ownerIdentity.organizationName),,,,,,,,,,,,,,
subjectResearch.submittedData.owner.ownerIdentity.organizationName,submittedData.owner.ownerIdentity.organizationName,,,,,,,,,,,,,,,,,,,,,,,,,,,,,,,,,,,,,,,
subjectResearch.submittedData.owner.ownerIdentity.countryCode,submittedData.owner.ownerIdentity.countryCode,,,,,,,,,,,,,,,,,,,,,,,Conditional(!submittedData.owner.ownerIdentity.duns),Conditional(!submittedData.owner.ownerIdentity.duns),Conditional(!submittedData.owner.ownerIdentity.duns),,,,,,,,,,,,,,
subjectResearch.submittedData.owner.ownerIdentity.address.addressUsageTypeCode,submittedData.owner.ownerIdentity.address.addressUsageTypeCode,,,,,,,,,,,,,,,,,,,,,,,,,,,,,,,,,,,,,,,
subjectResearch.submittedData.owner.ownerIdentity.address.streetAddress,submittedData.owner.ownerIdentity.address.streetAddress,,,,,,,,,,,,,,,,,,,,,,,,,,,,,,,,,,,,,,,
subjectResearch.submittedData.owner.ownerIdentity.address.town,submittedData.owner.ownerIdentity.address.town,,,,,,,,,,,,,,,,,,,,,,,,,,,,,,,,,,,,,,,
subjectResearch.submittedData.owner.ownerIdentity.address.territory,submittedData.owner.ownerIdentity.address.territory,,,,,,,,,,,,,,,,,,,,,,,,,,,,,,,,,,,,,,,
subjectResearch.submittedData.owner.ownerIdentity.address.postalCode,submittedData.owner.ownerIdentity.address.postalCode,,,,,,,,,,,,,,,,,,,,,,,,,,,,,,,,,,,,,,,
subjectResearch.submittedData.owner.ownerIdentity.telephone.telephone,submittedData.owner.ownerIdentity.telephone.telephone,,,,,,,,,,,,,,,,,,,,,,,,,,,,,,,,,,,,,,,
subjectResearch.submittedData.owner.ownerIdentity.telephone.isdCode,submittedData.owner.ownerIdentity.telephone.isdCode,,,,,,,,,,,,,,,,,,,,,,,,,,,,,,,,,,,,,,,
subjectResearch.submittedData.owner.isParent,submittedData.owner.isParent,,,,,,,,,,,,,,,,,,,,,,,,,,,,,,,,,,,,,,,
subjectResearch.submittedData.businessRegistrationNumberClassCode,submittedData.businessRegistrationNumberClassCode,,,,,,,,,,,,,,,,,,,,,,,,,,,,,,,,,,,,,,,
subjectResearch.submittedData.orderReasonCode,submittedData.orderReasonCode,,,,,,,,,,,,,,,,,,,,,,,,,,,,,,,,,,,,,,,
