JsonPath,Description,33550,33766,33549,33551,33553,33552,33554,33555,33537,33771,33770,33769,33538,33542,33767,33539,33541,33540,33558,33560,33559,33768,33562,33563,33564,33566,33567,33568,33569,33570,33571,33572,33573,33574,33533,33534,33535,33755,33536,33544,33543,33545,33546,33547,33548,33556,33557,33561,33575
ResearchSubType,,Primary Business Name,Trade Style Name,Address,Employees (Here and Total),Sales,Chief Executive Officer (CEO),Line of Business,Telephone Number,Financial Statement Missing ,Remove Financial Statement,Financial Ratios,Financial Figures,Legal Form,Year Started,Control Date,Principal Names & Titles,Stock Ownership,Related Companies/Affiliates,Business Operating Status,Duplicate record exists,Acquisition occurred,Merger occurred,Incorrect Ownership,Remove ownership linkage,New D-U-N-S Number Needed for Linkage,D&B Rating ,Delinquency Score/Commercial Credit Score (CCS),Credit Recommendation,Financial Stress Score (FSS),Paydex,Supplier Qualifier/Evaluation Report (SER),Supplier Stability Indicator (SSI),Viability Rating,Add business - Full Risk Review,Diverse owned / socioeconomic classification,Contact Names,URL/Website,Small Business Indicator,Government Activity Summary,Business Registration,Bankruptcy,Judgment,Lien,Suit,UCC/Security Agreements/PPSA,Trade and/or Bank Experience,Detailed Trade Risk Insight,UBO - Ultimate Beneficial Ownership,Add business - Mini Inquiry - Identity Data Only
researchRequest.requestMethodCode,,Required,Required,Required,Required,Required,Required,Required,Required,Required,Required,Required,Required,Required,Required,Required,Required,Required,Required,Required,Required,Required,Required,Required,Required,Required,Required,Required,Required,Required,Required,Required,Required,Required,Required,Required,Required,Required,Required,Required,Required,Required,Required,Required,Required,Required,Required,Required,Required,Required
researchRequest.isSubmitterActingOnBehalfOfRequestor,,,,,,,,,,,,,,,,,,,,,,,,,,,,,,,,,,,,,,,,,,,,,,,,,,
researchRequest.subscriberNumber,,,,,,,,,,,,,,,,,,,,,,,,,,,,,,,,,,,,,,,,,,,,,,,,,,
researchRequest.requestorOrganizationName,Subscriber Name,,,,,,,,,,,,,,,,,,,,,,,,,,,,,,,,,,,,,,,,,,,,,,,,,
researchRequest.requestorCountryCode,,,,,,,,,,,,,,,,,,,,,,,,,,,,,,,,,,,,,,,,,,,,,,,,,,
researchRequest.requestorPreferredLanguageCode,,Required,Required,Required,Required,Required,Required,Required,Required,Required,Required,Required,Required,Required,Required,Required,Required,Required,Required,Required,Required,Required,Required,Required,Required,Required,Required,Required,Required,Required,Required,Required,Required,Required,Required,Required,Required,Required,Required,Required,Required,Required,Required,Required,Required,Required,Required,Required,Required,Required
researchRequest.internalDnbRequestorName,,,,,,,,,,,,,,,,,,,,,,,,,,,,,,,,,,,,,,,,,,,,,,,,,,
researchComments[0].researchComment,Request Comment,,,,,,,,,,,,,,,,,,,,,,,,,,,,,,,,,,,Required,Required,Required,Required,Required,Required,Required,Required,Required,Required,Required,Required,Required,Required,
requestorOwnRequestKey,Client Request Key,,,,,,,,,,,,,,,,,,,,,,,,,,,,,,,,,,,,,,,,,,,,,,,,,
subjectResearch.researchTypes[].researchSubTypeCode,Research Sub Type Code,Required,Required,Required,Required,Required,Required,Required,Required,Required,Required,Required,Required,Required,Required,Required,Required,Required,Required,Required,Required,Required,Required,Required,Required,Required,Required,Required,Required,Required,Required,Required,Required,Required,Required,Required,Required,Required,Required,Required,Required,Required,Required,Required,Required,Required,Required,Required,Required,Required
subjectResearch.researchTypes[].researchTypeCode,,,,,,,,,,,,,,,,,,,,,,,,,,,,,,,,,,,,,,,,,,,,,,,,,,
subjectResearch.submittedData.duns,D-U-N-S,Required,Required,Required,Required,Required,Required,Required,Required,Required,Required,Required,Required,Required,Required,Required,Required,Required,Required,Required,Required,Required,Required,Required,Required,Not Allowed,Required,Required,Required,Required,Required,Required,Required,Required,Not allowed,Required,Required,Required,Required,Required,Required,Required,Required,Required,Required,Required,Required,Required,Required,Not Allowed
subjectResearch.submittedData.url,Subject Business URL,,,,,,,,,,,,,,,,,,,,,,,,,,,,,,,,,,,,,,,,,,,,,,,,,
subjectResearch.submittedData.contacts[0].contactName,Subject Business Contact Name,,,,,,,,,,,,,,,,,,,,,,,,,,,,,,,,,,,,,,,,,,,,,,,,,
subjectResearch.submittedData.contacts[0].emailAddress,Subject Business Contact Email,,,,,,,,,,,,,,,,,,,,,,,,,,,,,,,,,,,,,,,,,,,,,,,,,
subjectResearch.submittedData.contacts[0].phones[0].telephone,Subject Business Contact Phone,,,,,,,,,,,,,,,,,,,,,,,,,,,,,,,,,,,,,,,,,,,,,,,,,
subjectResearch.submittedData.contacts[0].phones[0].isdCode,,,,,,,,,,,,,,,,,,,,,,,,,,,,,,,,,,,,,,,,,,,,,,,,,,
subjectResearch.submittedData.organizationName,Expected Business Name,Required,,,,,,,,,,,,,,,,,,,,,,,,Required,,,,,,,,,Required,,,,,,,,,,,,,,,Required
subjectResearch.submittedData.tradeStyleName,Expected Trade Style Name,,,,,,,,,,,,,,,,,,,,,,,,,,,,,,,,,,,,,,,,,,,,,,,,,
subjectResearch.submittedData.countryCode,Expected Physical Address Country (ISO2),,,Required,,,,,,,,,,,,,,,,,,,,,,Required,,,,,,,,,Required,,,,,,,,,,,,,,,Required
subjectResearch.submittedData.addresses[0].addressUsageTypeCode,,,,Required,,,,,,,,,,,,,,,,,,,,,,,,,,,,,,,,,,,,,,,,,,,,,,
subjectResearch.submittedData.addresses[0].territory,Expected Physical Address Region,,,Conditional:if(country=US),,,,,,,,,,,,,,,,,,,,,,Conditional,,,,,,,,,Conditional,,,,,,,,,,,,,,,Conditional
subjectResearch.submittedData.addresses[0].streetAddress,Expected Physical Address Street,,,Required,,,,,,,,,,,,,,,,,,,,,,Required,,,,,,,,,Required,,,,,,,,,,,,,,,Required
subjectResearch.submittedData.addresses[0].town,Expected Physical Address Town,,,Required,,,,,,,,,,,,,,,,,,,,,,Required,,,,,,,,,Required,,,,,,,,,,,,,,,Required
subjectResearch.submittedData.addresses[0].postalCode,Expected Physical Address Postal Code,,,,,,,,,,,,,,,,,,,,,,,,,,,,,,,,,,,,,,,,,,,,,,,,,
subjectResearch.submittedData.addresses[0].county,Expected Physical Address County,,,,,,,,,,,,,,,,,,,,,,,,,,,,,,,,,,,,,,,,,,,,,,,,,
subjectResearch.submittedData.numberOfEmployees,Expected Number of Employees,,,,,,,,,,,,,,,,,,,,,,,,,,,,,,,,,,,,,,,,,,,,,,,,,
subjectResearch.submittedData.salesAmount,Expected Annual Sales,,,,,,,,,,,,,,,,,,,,,,,,,,,,,,,,,,,,,,,,,,,,,,,,,
subjectResearch.submittedData.ceoName,Expected Primary Principal Name,,,,,,,,,,,,,,,,,,,,,,,,,,,,,,,,,,,,,,,,,,,,,,,,,
subjectResearch.submittedData.ceoJobTitle,Expected Primary Principal Title,,,,,,MandatoryConditional(submittedData.ceoName),,,,,,,,,,,,,,,,,,,,,,,,,,,,,,,,,,,,,,,,,,,
subjectResearch.submittedData.primaryIndustryDescription,Expected Industry Code / Description,,,,,,,,,,,,,,,,,,,,,,,,,,,,,,,,,,,,,,,,,,,,,,,,,
subjectResearch.submittedData.industry.primaryIndustryCode,,,,,,,,,,,,,,,,,,,,,,,,,,,,,,,,,,,,,,,,,,,,,,,,,,
subjectResearch.submittedData.industry.industryCodeTypeCode,,,,,,,,,,,,,,,,,,,,,,,,,,,,,,,,,,,,,,,,,,,,,,,,,,
subjectResearch.submittedData.organizationPhones[0].telephone,Expected Business Telephone Number,,,,,,,,,,,,,,,,,,,,,,,,,,,,,,,,,,,,,,,,,,,,,,,,,
subjectResearch.submittedData.organizationPhones[0].isdCode,,,,,,,,,,,,,,,,,,,,,,,,,,,,,,,,,,,,,,,,,,,,,,,,,,
researchComments[1].researchComment,Financial Statement Concern Text,,,,,,,,,,,,,,,,,,,,,,,,,,,,,,,,,,,,,,,,,,,,,,,,,
researchComments[2].researchComment,Financial Ratio Concern Text,,,,,,,,,,,Required,,,,,,,,,,,,,,,,,,,,,,,,,,,,,,,,,,,,,,
researchComments[3].researchComment,Financial Figures Concern Text,,,,,,,,,,,,Required,,,,,,,,,,,,,,,,,,,,,,,,,,,,,,,,,,,,,
subjectResearch.submittedData.legalFormDescription,Expected Legal Form Description,,,,,,,,,,,,,,,,,,,,,,,,,,,,,,,,,,,,,,,,,,,,,,,,,
subjectResearch.submittedData.startYear,Expected Year Started,,,,,,,,,,,,,,,,,,,,,,,,,,,,,,,,,,,,,,,,,,,,,,,,,
subjectResearch.submittedData.controlDate,Expected Control Year ,,,,,,,,,,,,,,,,,,,,,,,,,,,,,,,,,,,,,,,,,,,,,,,,,
subjectResearch.submittedData.principals[0].principalName,Expected Principal Name,,,,,,,,,,,,,,,,,,,,,,,,,,,,,,,,,,,,,,,,,,,,,,,,,
subjectResearch.submittedData.principals[0].jobTitle,Expected Principal Title,,,,,,,,,,,,,,,,MandatoryConditional(submittedData.principals[].principalName),,,,,,,,,,,,,,,,,,,,,,,,,,,,,,,,,
subjectResearch.submittedData.shareOwnership[0].shareOwnerName,Expected Share Owner Name,,,,,,,,,,,,,,,,,,,,,,,,,,,,,,,,,,,,,,,,,,,,,,,,,
subjectResearch.submittedData.shareOwnership[0].ownershipSharePercentage,Expected % of Stock Ownership,,,,,,,,,,,,,,,,,Conditional(shareOwnerName),,,,,,,,,,,,,,,,,,,,,,,,,,,,,,,,
subjectResearch.submittedData.submittedRelatedOrganizations[0].organizationName,Expected Related Organization / Affiliate Name,,,,,,,,,,,,,,,,,,,,,,,,,,,,,,,,,,,,,,,,,,,,,,,,,
subjectResearch.submittedData.isActiveBusiness,Expected Operational Status,,,,,,,,,,,,,,,,,,,Required,,,,,,,,,,,,,,,,,,,,,,,,,,,,,,
subjectResearch.submittedData.submittedDuplicateDunsNumbers[].duns,Duplicate DUNS Number,,,,,,,,,,,,,,,,,,,,Required,,,,,,,,,,,,,,,,,,,,,,,,,,,,,
subjectResearch.submittedData.acquirer.duns,Acquirer D-U-N-S Number,,,,,,,,,,,,,,,,,,,,,MandatoryConditional(!submittedData.acquirer.organizationName),MandatoryConditional(!submittedData.acquirer.organizationName),,,,,,,,,,,,,,,,,,,,,,,,,,,
subjectResearch.submittedData.acquirer.organizationName,Acquirer Business Name,,,,,,,,,,,,,,,,,,,,,,,,,,,,,,,,,,,,,,,,,,,,,,,,,
subjectResearch.submittedData.acquirer.countryCode,Acquirer Physical Address Country (ISO2),,,,,,,,,,,,,,,,,,,,,Conditional(!submittedData.acquirer.duns),Conditional(!submittedData.acquirer.duns),,,,,,,,,,,,,,,,,,,,,,,,,,,
subjectResearch.submittedData.acquirer.address.addressUsageTypeCode,,,,,,,,,,,,,,,,,,,,,,,,,,,,,,,,,,,,,,,,,,,,,,,,,,
subjectResearch.submittedData.acquirer.address.streetAddress,Acquirer Physical Address Street,,,,,,,,,,,,,,,,,,,,,,,,,,,,,,,,,,,,,,,,,,,,,,,,,
subjectResearch.submittedData.acquirer.address.town,Acquirer Physical Address Town,,,,,,,,,,,,,,,,,,,,,,,,,,,,,,,,,,,,,,,,,,,,,,,,,
subjectResearch.submittedData.acquirer.address.territory,Acquirer Physical Address Region,,,,,,,,,,,,,,,,,,,,,,,,,,,,,,,,,,,,,,,,,,,,,,,,,
subjectResearch.submittedData.acquirer.address.postalCode,Acquirer Physical Address Postal Code,,,,,,,,,,,,,,,,,,,,,,,,,,,,,,,,,,,,,,,,,,,,,,,,,
subjectResearch.submittedData.acquirer.telephone.telephone,Acquirer Telephone Number,,,,,,,,,,,,,,,,,,,,,,,,,,,,,,,,,,,,,,,,,,,,,,,,,
subjectResearch.submittedData.acquirer.telephone.isdCode,,,,,,,,,,,,,,,,,,,,,,,,,,,,,,,,,,,,,,,,,,,,,,,,,,
subjectResearch.submittedData.owner.ownerIdentity.duns,Owner D-U-N-S Number,,,,,,,,,,,,,,,,,,,,,,,Conditional(!submittedData.owner.ownerIdentity.organizationName),Conditional(!submittedData.owner.ownerIdentity.organizationName),Conditional(!submittedData.owner.ownerIdentity.organizationName),,,,,,,,,,,,,,,,,,,,,,,,
subjectResearch.submittedData.owner.ownerIdentity.organizationName,Owner Business Name,,,,,,,,,,,,,,,,,,,,,,,,,,,,,,,,,,,,,,,,,,,,,,,,,
subjectResearch.submittedData.owner.ownerIdentity.countryCode,Owner Physical Address Country (ISO2),,,,,,,,,,,,,,,,,,,,,,,Conditional(!submittedData.owner.ownerIdentity.duns),Conditional(!submittedData.owner.ownerIdentity.duns),Conditional(!submittedData.owner.ownerIdentity.duns),,,,,,,,,,,,,,,,,,,,,,,,
subjectResearch.submittedData.owner.ownerIdentity.address.addressUsageTypeCode,,,,,,,,,,,,,,,,,,,,,,,,,,,,,,,,,,,,,,,,,,,,,,,,,,
subjectResearch.submittedData.owner.ownerIdentity.address.streetAddress,Owner Physical Address Street,,,,,,,,,,,,,,,,,,,,,,,,,,,,,,,,,,,,,,,,,,,,,,,,,
subjectResearch.submittedData.owner.ownerIdentity.address.town,Owner Physical Address Town,,,,,,,,,,,,,,,,,,,,,,,,,,,,,,,,,,,,,,,,,,,,,,,,,
subjectResearch.submittedData.owner.ownerIdentity.address.territory,Owner Physical Address Region,,,,,,,,,,,,,,,,,,,,,,,,,,,,,,,,,,,,,,,,,,,,,,,,,
subjectResearch.submittedData.owner.ownerIdentity.address.postalCode,Owner Physical Address Postal Code,,,,,,,,,,,,,,,,,,,,,,,,,,,,,,,,,,,,,,,,,,,,,,,,,
subjectResearch.submittedData.owner.ownerIdentity.telephone.telephone,Owner Telephone Number,,,,,,,,,,,,,,,,,,,,,,,,,,,,,,,,,,,,,,,,,,,,,,,,,
subjectResearch.submittedData.owner.ownerIdentity.telephone.isdCode,,,,,,,,,,,,,,,,,,,,,,,,,,,,,,,,,,,,,,,,,,,,,,,,,,
subjectResearch.submittedData.owner.isParent,Business Owner Type,,,,,,,,,,,,,,,,,,,,,,,,,,,,,,,,,,,,,,,,,,,,,,,,,
