JsonPath,Description,33550,33766,33549,33552,33554,33555,33538
ResearchSubType,,Primary Business Name,Trade Style Name,Address,Chief Executive Officer (CEO),Line of Business,Telephone Number,Legal Form
researchRequest.requestMethodCode,,Required,Required,Required,Required,Required,Required,Required
researchRequest.isSubmitterActingOnBehalfOfRequestor,,,,,,,,
researchRequest.subscriberNumber,,,,,,,,
researchRequest.requestorOrganizationName,Subscriber Name,,,,,,,
researchRequest.requestorCountryCode,,,,,,,,
researchRequest.requestorPreferredLanguageCode,,Required,Required,Required,Required,Required,Required,Required
researchRequest.internalDnbRequestorName,,,,,,,,
researchComments[0].researchComment,Request Comment,,,,,,,
requestorOwnRequestKey,Client Request Key,,,,,,,
subjectResearch.researchTypes[].researchSubTypeCode,Research Sub Type Code,Required,Required,Required,Required,Required,Required,Required
subjectResearch.researchTypes[].researchTypeCode,,,,,,,,
subjectResearch.submittedData.duns,D-U-N-S,Required,Required,Required,Required,Required,Required,Required
subjectResearch.submittedData.url,Subject Business URL,,,,,,,
subjectResearch.submittedData.contacts[0].contactName,Subject Business Contact Name,,,,,,,
subjectResearch.submittedData.contacts[0].emailAddress,Subject Business Contact Email,,,,,,,
subjectResearch.submittedData.contacts[0].phones[0].telephone,Subject Business Contact Phone,,,,,,,
subjectResearch.submittedData.contacts[0].phones[0].isdCode,,,,,,,,
subjectResearch.submittedData.organizationName,Expected Business Name,,,,,,,
subjectResearch.submittedData.tradeStyleName,Expected Trade Style Name,,,,,,,
subjectResearch.submittedData.countryCode,Expected Physical Address Country (ISO2),,,,,,,
subjectResearch.submittedData.addresses[0].addressUsageTypeCode,,,,,,,,
subjectResearch.submittedData.addresses[0].territory,Expected Physical Address Region,,,,,,,
subjectResearch.submittedData.addresses[0].streetAddress,Expected Physical Address Street,,,,,,,
subjectResearch.submittedData.addresses[0].town,Expected Physical Address Town,,,,,,,
subjectResearch.submittedData.addresses[0].postalCode,Expected Physical Address Postal Code,,,,,,,
subjectResearch.submittedData.addresses[0].county,Expected Physical Address County,,,,,,,
subjectResearch.submittedData.numberOfEmployees,Expected Number of Employees,,,,,,,
subjectResearch.submittedData.salesAmount,Expected Annual Sales,,,,,,,
subjectResearch.submittedData.ceoName,Expected Primary Principal Name,,,,,,,
subjectResearch.submittedData.ceoJobTitle,Expected Primary Principal Title,,,,,,,
subjectResearch.submittedData.primaryIndustryDescription,Expected Industry Code / Description,,,,,,,
subjectResearch.submittedData.industry.primaryIndustryCode,,,,,,,,
subjectResearch.submittedData.industry.industryCodeTypeCode,,,,,,,,
subjectResearch.submittedData.organizationPhones[0].telephone,Expected Business Telephone Number,,,,,,,
subjectResearch.submittedData.organizationPhones[0].isdCode,,,,,,,,
researchComments[1].researchComment,Financial Statement Concern Text,,,,,,,
researchComments[2].researchComment,Financial Ratio Concern Text,,,,,,,
researchComments[3].researchComment,Financial Figures Concern Text,,,,,,,
subjectResearch.submittedData.legalFormDescription,Expected Legal Form Description,,,,,,,
subjectResearch.submittedData.startYear,Expected Year Started,,,,,,,
subjectResearch.submittedData.controlDate,Expected Control Year ,,,,,,,
subjectResearch.submittedData.principals[0].principalName,Expected Principal Name,,,,,,,
subjectResearch.submittedData.principals[0].jobTitle,Expected Principal Title,,,,,,,
subjectResearch.submittedData.shareOwnership[0].shareOwnerName,Expected Share Owner Name,,,,,,,
subjectResearch.submittedData.shareOwnership[0].ownershipSharePercentage,Expected % of Stock Ownership,,,,,,,
subjectResearch.submittedData.submittedRelatedOrganizations[0].organizationName,Expected Related Organization / Affiliate Name,,,,,,,
subjectResearch.submittedData.isActiveBusiness,Expected Operational Status,,,,,,,
subjectResearch.submittedData.submittedDuplicateDunsNumbers[].duns,Duplicate DUNS Number,,,,,,,
subjectResearch.submittedData.acquirer.duns,Acquirer D-U-N-S Number,,,,,,,
subjectResearch.submittedData.acquirer.organizationName,Acquirer Business Name,,,,,,,
subjectResearch.submittedData.acquirer.countryCode,Acquirer Physical Address Country (ISO2),,,,,,,
subjectResearch.submittedData.acquirer.address.addressUsageTypeCode,,,,,,,,
subjectResearch.submittedData.acquirer.address.streetAddress,Acquirer Physical Address Street,,,,,,,
subjectResearch.submittedData.acquirer.address.town,Acquirer Physical Address Town,,,,,,,
subjectResearch.submittedData.acquirer.address.territory,Acquirer Physical Address Region,,,,,,,
subjectResearch.submittedData.acquirer.address.postalCode,Acquirer Physical Address Postal Code,,,,,,,
subjectResearch.submittedData.acquirer.telephone.telephone,Acquirer Telephone Number,,,,,,,
subjectResearch.submittedData.acquirer.telephone.isdCode,,,,,,,,
subjectResearch.submittedData.owner.ownerIdentity.duns,Owner D-U-N-S Number,,,,,,,
subjectResearch.submittedData.owner.ownerIdentity.organizationName,Owner Business Name,,,,,,,
subjectResearch.submittedData.owner.ownerIdentity.countryCode,Owner Physical Address Country (ISO2),,,,,,,
subjectResearch.submittedData.owner.ownerIdentity.address.addressUsageTypeCode,,,,,,,,
subjectResearch.submittedData.owner.ownerIdentity.address.streetAddress,Owner Physical Address Street,,,,,,,
subjectResearch.submittedData.owner.ownerIdentity.address.town,Owner Physical Address Town,,,,,,,
subjectResearch.submittedData.owner.ownerIdentity.address.territory,Owner Physical Address Region,,,,,,,
subjectResearch.submittedData.owner.ownerIdentity.address.postalCode,Owner Physical Address Postal Code,,,,,,,
subjectResearch.submittedData.owner.ownerIdentity.telephone.telephone,Owner Telephone Number,,,,,,,
subjectResearch.submittedData.owner.ownerIdentity.telephone.isdCode,,,,,,,,
subjectResearch.submittedData.owner.isParent,Business Owner Type,,,,,,,
