﻿JsonPath,Description,Note
duns,D-U-N-S,
isChangedDuns,,Does not need to be shown to submitter
organizationName,Business Name,
countryCode,Country (ISO2),
tradeStyleName,Trade Style Name,
primaryIndustryCode,Industry Code,
industryCodeTypeCode,,Does not need to be shown to submitter
url,Subject Business URL,
salesAmount,Annual Sales,
currencyCode,Currency Code,
numberOfEmployees,Number of Employees,
startYear,Year Started,
controlDate,Control Year,
legalFormDescription,Legal Form Description,
chiefExecutiveOfficerName,Primary Principal Name,
chiefExecutiveOfficerJobTitle,Primary Principal Title,
isActiveBusiness,Is Business Active,Display as Yes/No
dnbRating,DNB Rating,
acquirer.duns,Acquirer D-U-N-S,
acquirer.organizationName,Acquirer Business Name,
acquirer.countryCode,Acquirer Country (ISO2),
acquirer.address.streetAddress,Acquirer Street Address,
acquirer.address.town,Acquirer Address Town,
acquirer.address.county,Acquirer Address County,
acquirer.address.territory,Acquirer Address Region,
acquirer.address.postalCode,Acquirer Address Postal Code,
acquirer.telephone.telephone,Acquirer Telephone Number,
acquirer.telephone.isdCode,Acquirer ISD Code,
formerOwnerDuns,Former Owner D-U-N-S,
owner.ownerIdentity.duns,Owner D-U-N-S,
owner.ownerIdentity.organizationName,Owner Business Name,
owner.ownerIdentity.countryCode,Owner Country (ISO2),
owner.ownerIdentity.address.streetAddress,Owner Street Address,
owner.ownerIdentity.address.town,Owner Address Town,
owner.ownerIdentity.address.county,Owner Address County,
owner.ownerIdentity.address.territory,Owner Address Region,
owner.ownerIdentity.address.postalCode,Owner Address Postal Code,
owner.ownerIdentity.telephone.telephone,Owner Telephone Number,
owner.ownerIdentity.telephone.isdCode,Owner ISD Code,
owner.isParent,Is Parent,Display as Yes/No
childOrganizations[].childOrganizationIdentity.duns,Child Organization 1 D-U-N-S,Add # position in array
childOrganizations[].childOrganizationIdentity.organizationName,Child Organization 1 Business Name,Add # position in array
addresses[0].streetAddress,Organization Street Address,Only 1 to be supported
addresses[0].town,Organization Address Town,Only 1 to be supported
addresses[0].territory,Organization Address Region,Only 1 to be supported
addresses[0].postalCode,Organization Address Postal Code,Only 1 to be supported
organizationPhones[0].telephone,Organization Telephone Number,Only 1 to be supported
organizationPhones[0].isdCode,Organization ISD Code,Only 1 to be supported
shareOwnership[].shareOwnerName,Share Owner Name,Add # position in array
shareOwnership[].ownershipSharePercentage,% of Stock Ownership,Add # position in array
principals[].principalName,Principal Name,Add # position in array
principals[].jobTitle,Principal Title,Add # position in array
relatedOrganizations[].duns,Related Organization / Affiliate D-U-N-S,Add # position in array
relatedOrganizations[].organizationName,Related Organization / Affiliate Business Name,Add # position in array
relatedOrganizations[].countryCode,Related Organization / Affiliate Country (ISO2),Add # position in array
relatedOrganizations[].town,Related Organization / Affiliate Address Town,Add # position in array
relatedOrganizations[].county,Related Organization / Affiliate Address County,Add # position in array
relatedOrganizations[].territory,Related Organization / Affiliate Address Region,Add # position in array
duplicateDunsNumbers[].retainedDuns,Duplicate D-U-N-S Number Retained,Add # position in array
duplicateDunsNumbers[].deletedDuns,Duplicate D-U-N-S Number Deleted,Add # position in array
isResearcherDiscoveredMerger,,Does not need to be shown to submitter
isResearcherDiscoveredAcquisition,,Does not need to be shown to submitter
bdrsDataUsabilityCode,,Does not need to be shown to submitter
isDeletedBdrsDuplicateDuns,,Does not need to be shown to submitter
sourceDataItems[0],,Does not need to be shown to submitter
