JsonPath,Description,FieldValidation
subjectResearchId,,
researchComment,,
researchResult.subjectResearchId,,
researchResult.duns,,
researchResult.isChangedDuns,,
researchResult.organizationName,,
researchResult.countryCode,,GeoISO2
researchResult.businessRegistrationNumber,,
researchResult.businessRegistrationNumberClassCode,,ScotsTable:72
researchResult.businessRegistrationNumberLocationDescription,,
researchResult.tradeStyleName,,
researchResult.primaryIndustryCode,,
researchResult.industryCodeTypeCode,,ScotsTable:30
researchResult.url,,
researchResult.linkedinUrl,,
researchResult.twitterUrl,,
researchResult.facebookUrl,,
researchResult.salesAmount,,
researchResult.currencyCode,,
researchResult.numberOfEmployees,,
researchResult.startYear,,
researchResult.controlDate,,
researchResult.legalFormDescription,,
researchResult.chiefExecutiveOfficerName,,
researchResult.chiefExecutiveOfficerJobTitle,,
researchResult.isActiveBusiness,,
researchResult.dnbRating,,
researchResult.acquirer.duns,,
researchResult.acquirer.organizationName,,
researchResult.acquirer.countryCode,,GeoISO2
researchResult.acquirer.address.addressUsageTypeCode,,ScotsTable:31
researchResult.acquirer.address.streetAddress,,
researchResult.acquirer.address.town,,
researchResult.acquirer.address.county,,
researchResult.acquirer.address.territory,,
researchResult.acquirer.address.postalCode,,
researchResult.acquirer.telephone,,
researchResult.acquirer.telephone.telephone,,
researchResult.acquirer.telephone.isdCode,,
researchResult.formerOwnerDuns,,
researchResult.owner.ownerIdentity.duns,,
researchResult.owner.ownerIdentity.organizationName,,
researchResult.owner.ownerIdentity.countryCode,,GeoISO2
researchResult.owner.ownerIdentity.address.addressUsageTypeCode,,ScotsTable:31
researchResult.owner.ownerIdentity.address.streetAddress,,
researchResult.owner.ownerIdentity.address.town,,
researchResult.owner.ownerIdentity.address.county,,
researchResult.owner.ownerIdentity.address.territory,,
researchResult.owner.ownerIdentity.address.postalCode,,
researchResult.owner.ownerIdentity.telephone,,
researchResult.owner.ownerIdentity.telephone.telephone,,
researchResult.owner.ownerIdentity.telephone.isdCode,,
researchResult.owner.isParent,,
researchResult.childOrganizations[].childOrganizationIdentity.duns,,
researchResult.childOrganizations[].childOrganizationIdentity.organizationName,,
researchResult.childOrganizations[].childOrganizationIdentity.countryCode,,GeoISO2
researchResult.childOrganizations[].childOrganizationIdentity.address.addressUsageTypeCode,,ScotsTable:31
researchResult.childOrganizations[].childOrganizationIdentity.address.streetAddress,,
researchResult.childOrganizations[].childOrganizationIdentity.address.town,,
researchResult.childOrganizations[].childOrganizationIdentity.address.county,,
researchResult.childOrganizations[].childOrganizationIdentity.address.territory,,
researchResult.childOrganizations[].childOrganizationIdentity.address.postalCode,,
researchResult.childOrganizations[].childOrganizationIdentity.telephone.telephone,,
researchResult.childOrganizations[].childOrganizationIdentity.telephone.isdCode,,
researchResult.childOrganizations[].isBranch,,
researchResult.childOrganizations[].linkageChangeActionCode,,
researchResult.childOrganizations[].formerParentDuns,,
researchResult.childOrganizations[].parentDuns,,
researchResult.childOrganizations[].parentBusinessName,,
researchResult.childOrganizations[].parentCountryCode,,GeoISO2
researchResult.addresses[].addressUsageTypeCode,,ScotsTable:31
researchResult.addresses[].streetAddress,,
researchResult.addresses[].town,,
researchResult.addresses[].county,,
researchResult.addresses[].territory,,
researchResult.addresses[].postalCode,,
researchResult.organizationPhones[].telephone,,
researchResult.organizationPhones[].isdCode,,
researchResult.shareOwnership[].shareOwnerName,,
researchResult.shareOwnership[].ownershipSharePercentage,,
researchResult.principals[].principalName,,
researchResult.principals[].jobTitle,,
researchResult.relatedOrganizations[].organizationName,,
researchResult.relatedOrganizations[].duns,,
researchResult.relatedOrganizations[].town,,
researchResult.relatedOrganizations[].county,,
researchResult.relatedOrganizations[].territory,,
researchResult.relatedOrganizations[].countryCode,,GeoISO2
researchResult.duplicateDunsNumbers[].retainedDuns,,
researchResult.duplicateDunsNumbers[].deletedDuns,,
researchResult.isResearcherDiscoveredMerger,,
researchResult.isResearcherDiscoveredAcquisition,,
researchResult.bdrsDataUsabilityCode,,ScotsTable:777
researchResult.isDeletedBdrsDuplicateDuns,,
researchResult.sourceDataItems[].sourceName,,
researchResult.sourceDataItems[].url,,
researchResult.sourceDataItems[].accessedDate,,
contactEntry.subjectResearchId,,
contactEntry.communicationMethodCode,,
contactEntry.outboundIndicator,,
contactEntry.subjectOrganizationIndc,,
contactEntry.phoneNumber,,
contactEntry.internationalCallingCode,,
contactEntry.contactEmailAddress,,
contactEntry.communicationAttachmentId,,
contactEntry.contactTimestamp,,
contactEntry.resultCode,,
contactEntry.managementInterviewIndc,,
contactEntry.contactOrganizationName,,
contactEntry.contactName,,
contactEntry.contactTitleText,,
contactEntry.followUpTimestamp,,
contactEntry.researchUserId,,
contactEntry.researchUser.researchUserId,,
contactEntry.researchUser.loginKey,,
contactEntry.researchUser.userFirstName,,
contactEntry.researchUser.userLastName,,
contactEntry.researchUser.userEmailAddress,,
contactEntry.researchUser.submitterOrganizationName,,
contactEntry.researchUser.submitterCountryCode,,GeoISO2
contactEntry.researchUser.isActive,,
contactEntry.researchUser.activeIndicatorTimestamp,,
contactEntry.researchUser.subscriberNumber,,
contactEntry.researchUser.user.hasEmailSuppressed,,
contactEntry.researchUser.user.isConsentOfTermsAndConditions,,
contactEntry.researchUser.user.termsAndConditionsInitialConsentTimestamp,,
contactEntry.researchUser.user.termsAndConditionsLatestConsentTimestamp,,
researchResolutions[].researchSubTypeCode,,
researchResolutions[].resolutionCode,,ResolutionCode
researchResolutions[].subResolutionCode,,SubResolutionCode
isValidationOnly,,
