Resolution Code,,Sub Resolution Code,,IRD Code,IRD code Description,Notes
35035,Match found during lookup,35040,A sub resolution code is not applicable for this research sub type. ,106,Match-Found during Look-up,
35036,Probable match found during lookup,35040,A sub resolution code is not applicable for this research sub type. ,105,Probable match found during Look-up,
35037,HQ D-U-N-S,35040,A sub resolution code is not applicable for this research sub type. ,110,Headquater DUNS Assigned during Look Up,
35038,Match not found during lookup,35040,A sub resolution code is not applicable for this research sub type. ,208,Unable to Verify,"This will only apply when the research subype is 34659, if research type is 35028 the case will created a linked case that will create a new case of 34322"
35039,Incomplete name/address,35040,A sub resolution code is not applicable for this research sub type. ,210,Unable to Verify,"This will only apply when the research subype is 34659, if research type is 35028 the case will created a linked case that will create a new case of 34322"
34335,D-U-N-S Number could not be created,34349,Required documents not provided,220,Required Documents Not Provided,
34335,D-U-N-S Number could not be created,34350,Inquiry could not be completed,240,Inquiry Could Not Be Completed,
34335,D-U-N-S Number could not be created,34351,Submitter cancelled research request,299,Request Cancelled,
34335,D-U-N-S Number could not be created,34323,"Subject is an individual, not a business",203,Individual Person (Not a Business),
34335,D-U-N-S Number could not be created,34324,Business has not started operations,208,Unable to Verify,
34335,D-U-N-S Number could not be created,34325,Insufficient information provided,210,Incomplete Name and/or Address,
34335,D-U-N-S Number could not be created,34326,"Address provided is that of registered agent, not of the subject",208,Unable to Verify,
34335,D-U-N-S Number could not be created,34336,Outside sources could not confirm the existence of the business and attempts to reach the business based on the provided information were unsuccessful,208,Unable to Verify,
34321,D-U-N-S Number created,33730,Verified through a company spokesperson,100,New Record Created,
34321,D-U-N-S Number created,33731,Verified through outside sources,101,New Record Created using 3rd parties,
34321,D-U-N-S Number created,33732,Verified through a company spokesperson plus outside sources,100,New Record Created,
34321,D-U-N-S Number created,33774,Verified through national registry,101,New Record Created using 3rd parties,
34322,D-U-N-S Number already exists,33730,Verified through a company spokesperson,107,"Match Found via host investigation, no update occurred",
34322,D-U-N-S Number already exists,33731,Verified through outside sources,109,Match by Inv- Using 3rd Party Resources,
34322,D-U-N-S Number already exists,33774,Verified through national registry,109,Match by Inv- Using 3rd Party Resources,
34322,D-U-N-S Number already exists,34326,"Address provided is that of registered agent, not of the subject",107,"Match Found via host investigation, no update occurred",
34322,D-U-N-S Number already exists,34328,Name provided is a trade style,107,"Match Found via host investigation, no update occurred",
34322,D-U-N-S Number already exists,34329,Former name and/or former address provided,107,"Match Found via host investigation, no update occurred",
34322,D-U-N-S Number already exists,33734,"Outside Sources could not confirm active operations, therefore the organization has been updated to an inactive status",204,Liquidated / Out of Business,
34322,D-U-N-S Number already exists,34486,Match found in D&B database for the submitted business name and address,107,"Match Found via host investigation, no update occurred",
34322,D-U-N-S Number already exists,34660,Match found in D&B database with former name and/or former address,107,"Match Found via host investigation, no update occurred",
33921,Research cancelled,33922,Test Case,299,Request Cancelled,
33921,Research cancelled,33923,Cancelled by requester,299,Request Cancelled,
33921,Research cancelled,33924,No country coverage,299,Request Cancelled,
33921,Research cancelled,34205,Research sub-type is not applicable,299,Request Cancelled,
33921,Research cancelled,34860,Duplicate ,299,Request Cancelled,
33921,Research cancelled,35828,Cancelled by Batch Admin,299,Request Cancelled,
OTHER,Default mapping,OTHER,Default mapping for any other res/subres code,208,Unable to Verify,
