{
    "$schema": "http://json-schema.org/draft-04/schema#",
    "description": "This schema records the entitlement roles to be assigned to a user logging into an iResearch API via a Dun and Bradstreet partner application.",
    "type": "object",
    "additionalProperties": false,
    "properties": {
        "IDaaSUserRoles": {
            "description": "User IDaaS (Identity as a Service) Roles associated with an iResearch user.",
            "type": "array",
            "items": {
                "type": "object",
                "javaType": "com.dnb.irsch.bom.IDaaSUserRole",
                "additionalProperties": false,
                "properties": {
                    "iDaaSRoleName": {
                    "description": "Text identifying the name of an IDaaS (Identity as a Service) role that's been assigned to this iResearch User in IDaaS and has been imported into iResearch, e.g., IRESEARCH_RESEARCHER, IRESEARCH_RESEARCHER_LOCALADMIN, IRESEARCH_SUPER_ADMIN).  This name will influence what the user is permitted to do in the iResearch UI.  Clarification Note:  only those roles that are specifically relevant to iResearch are imported.",
                    "type": "string",
                    "maxLength": 64
                    }
                },
                "required": [
                    "iDaaSRoleName"
                ]
            }                       
        }
    }
}
