{
    "$schema": "http://json-schema.org/draft-04/schema#",
    "description": "This schema shows the fields provided by AWS in support of a signed URL for uploading attachments in iResearch.",
    "type": "object",
    "additionalProperties": false,
    "properties": {
        "acl": {
            "type": "string"
        },
        "Content-Type": {
            "type": "string"
        },
        "key": {
            "type": "string"
        },
        "x-amz-algorithm": {
            "type": "string"
        },
        "x-amz-credential": {
            "type": "string"
        },
        "x-amz-date": {
            "type": "string"
        },
        "x-amz-security-token": {
            "type": "string"
        },
        "policy": {
            "type": "string"
        },
        "x-amz-signature": {
            "type": "string"
        }
    }   
}
