{
    "$schema": "http://json-schema.org/draft-04/schema#",
    "description": "This schema records information about a banner message that displays to a specified group of users, on a specific iResearch page as desired by an iResearch administrator.",
    "type": "object",
    "additionalProperties": false,
    "javaType": "com.dnb.irsch.bom.BannerMessage",
    "properties": {
        "bannerTitle": {
            "description": "A text string that is used as the primary heading or title that will display within a banner.",
            "type": "string",
            "maxLength": 100
        },
        "bannerMessage": {
            "description": "A text string that provides descriptive text or an instructional message that will display within a banner.",
            "type": "string",
            "maxLength": 1000
        },
        "bannerSeverity": {
            "description": "A text string that identifies a background color for the banner message where the color is intended to visually communicate the severity (i.e. level of importance) of the message to a user.  'Success' (i.e. light green background for banner message) will indicate that the message has no severity and can be used to communicate a goal or benchmark that has been accomplished. 'Info' (i.e. light blue background for banner message) will indicate a very low level of severity and should include informational text or information instructing/ guiding a user how to perform an action.  'Alert' (i.e. dark blue background for banner message) will indicate a low level of severity and should indicate an alert to the user such as an upcoming change or approaching deadline or an action that can / should be taken. 'Caution' (i.e. amber background for banner message) will indicate a medium level of severity and serve as a cautionary message.  'Warning' (i.e. red background for banner message) will indicate a medium-high level of severity and should serve as a warning message to the user.  'Danger' (i.e. red background for banner message) will indicate a message of the highest priority where the user is informed of an immediate impact that they will face. 'Outage' will indicate an upcoming outage and will display a scrolling marquee message with the upcoming outage information.",
            "type": "string",
            "maxLength": 9
        },
        "bannerDismissable": {
            "description": "When turned ON (set to true) it means that an alert message will display a close indicator that allows the user to remove the banner from it's current displayed location. It is defaulted to the ON position if parameter is not provided.",
            "type": "boolean"
        },
        "userRole": {
            "description": "An array recording the iResearch Roles and/or IDaaS Roles that are the intended audience for a banner message (e.g., IRESEARCH_RESTRICTED_VIEW_REVIEWER and IRESEARCH_SUBMITTER_US_SUPER7). If the IDaaS Role is either 'IRESEARCH_RESEARCHER' or 'IRESEARCH_RESEARCHER_LOCALADMIN', then a specific team may also be designated to target the banner message to that team.  If array is left empty (i.e. []) then it is assumed that banner audience is all iResearch roles.",
            "type": "array",
            "items": {
                "type": "object",
                "additionalProperties": false,
                "$ref": "RolesToNotify.json"
        }
    }
    },
     "required": [
        "bannerSeverity",
        "userRole"
     ]
}