{
    "$schema": "http://json-schema.org/draft-04/schema#",
    "description": "This schema records miscellaneous attributes of a batch (i.e. those stored in the btch_reqs_obj of the btch_reqs table).",
    "type": "object",
    "additionalProperties": false,
    "properties": {
        "cfpFolderName": {
            "description": "Name of the CFP folder (global or domestic)",
            "type": ["string","null"],
            "maxLength": 100
        },
        "lookupRules": {
            "description": "An array recording all the lookup rules for this batch request.",
            "type": "array",
            "items": {
                "$ref": "iResearchLookupRuleLayout.json",
                "required": [
                    "lookupRule"
                ]
            }
        },
        "cfpEntriesCount": {
            "description": "The original number of entries in the batch as received from CFP, before removing candidate records",
            "type": ["integer","null"]
        },
        "cfpProjectId": {
            "description": "CFP project ID",
            "type": ["string","null"],
            "maxLength": 8
        },
        "cfpTrackingId": {
            "description": "CFP tracking ID",
            "type": ["string","null"],
            "maxLength": 4
        }
    }
}
