{
    "$schema": "http://json-schema.org/draft-04/schema#",
    "description": "A schema which allows validation of batch spreadsheet records. Not all spreadsheet columns are included in this schema, as some need to be flexible and allow either string or numeric input, and other are boolean but are entered as strings. For now, we are only including those string columns which require validation such as maxLength.",
    "type": "object",
    "additionalProperties": true,
    "properties": {
        "Subscriber Name": {
            "description": "researchRequest.requestorOrganizationName",
            "type": ["string","null"],
            "maxLength": 240
        },
        "Request Comment": {
            "description": "researchComment",
            "type": ["string","null"],
            "maxLength": 4000
        },
        "Client Request Key": {
            "description": "requestorOwnRequestKey",
            "type": ["string","null"],
            "maxLength": 32
        },
        "Subject Business URL": {
            "description": "url",
            "type": ["string","null"],
            "maxLength": 240
        },
        "Subject Business Contact Name": {
            "description": "contactName",
            "type": ["string","null"],
            "maxLength": 240
        },
        "Subject Business Contact Email": {
            "description": "emailAddress",
            "type": ["string","null"],
            "format": "email",
            "maxLength": 256
        },
        "Subject Business Contact Phone": {
            "description": "telephone",
            "type": ["string","null"],
            "maxLength": 16
        },
        "Expected Business Name": {
            "description": "organizationName",
            "type": ["string","null"],
            "maxLength": 240
        },
        "Expected Trade Style Name": {
            "description": "tradeStyleName",
            "type": ["string","null"],
            "maxLength": 240
        },
        "Expected Physical Address Region": {
            "description": "territory",
            "type": ["string","null"],
            "maxLength": 64
        },
        "Expected Physical Address Street": {
            "description": "streetAddress",
            "type": ["string","null"],
            "maxLength": 240
        },
        "Expected Physical Address Town": {
            "description": "town",
            "type": ["string","null"],
            "maxLength": 64
        },
        "Expected Physical Address Postal Code": {
            "description": "postalCode",
            "type": ["string","null"],
            "maxLength": 32
        },
        "Expected Physical Address County": {
            "description": "county",
            "type": ["string","null"],
            "maxLength": 64
        },
        "Expected Primary Principal Name": {
            "description": "ceoName",
            "type": ["string","null"],
            "maxLength": 240
        },
        "Expected Primary Principal Title": {
            "description": "ceoJobTitle",
            "type": ["string","null"],
            "maxLength": 192
        },
        "Expected Industry Code / Description": {
            "description": "primaryIndustryDescription",
            "type": ["string","null"],
            "maxLength": 256
        },        
        "Expected Business Telephone Number": {
            "description": "telephone",
            "type": ["string","null"],
            "maxLength": 16
        },
        "Financial Statement Concern Text": {
            "description": "researchComment",
            "type": ["string","null"],
            "maxLength": 4000
        },
        "Financial Ratio Concern Text": {
            "description": "researchComment",
            "type": ["string","null"],
            "maxLength": 4000
        },
        "Financial Figures Concern Text": {
            "description": "researchComment",
            "type": ["string","null"],
            "maxLength": 4000
        },
        "Expected Legal Form Description": {
            "description": "legalFormDescription",
            "type": ["string","null"],
            "maxLength": 240
        },
        "Expected Principal Name": {
            "description": "principalName",
            "type": ["string","null"],
            "maxLength": 240
        },
        "Expected Principal Title": {
            "description": "jobTitle",
            "type": ["string","null"],
            "maxLength": 192
        },
        "Expected Share Owner Name": {
            "description": "shareOwnerName",
            "type": ["string","null"],
            "maxLength": 240
        },
        "Expected Related Organization / Affiliate Name": {
            "description": "organizationName",
            "type": ["string","null"],
            "maxLength": 240
        },
        "Acquirer Business Name": {
            "description": "organizationName",
            "type": ["string","null"],
            "maxLength": 240
        },
        "Acquirer Physical Address Region": {
            "description": "territory",
            "type": ["string","null"],
            "maxLength": 64
        },
        "Acquirer Physical Address Street": {
            "description": "streetAddress",
            "type": ["string","null"],
            "maxLength": 240
        },
        "Acquirer Physical Address Town": {
            "description": "town",
            "type": ["string","null"],
            "maxLength": 64
        },
        "Acquirer Physical Address Postal Code": {
            "description": "postalCode",
            "type": ["string","null"],
            "maxLength": 32
        },
        "Acquirer Telephone Number": {
            "description": "telephone",
            "type": ["string","null"],
            "maxLength": 16
        },
        "Owner Business Name": {
            "description": "organizationName",
            "type": ["string","null"],
            "maxLength": 240
        },
        "Owner Physical Address Region": {
            "description": "territory",
            "type": ["string","null"],
            "maxLength": 64
        },
        "Owner Physical Address Street": {
            "description": "streetAddress",
            "type": ["string","null"],
            "maxLength": 240
        },
        "Owner Physical Address Town": {
            "description": "town",
            "type": ["string","null"],
            "maxLength": 64
        },
        "Owner Physical Address Postal Code": {
            "description": "postalCode",
            "type": ["string","null"],
            "maxLength": 32
        },
        "Owner Telephone Number": {
            "description": "telephone",
            "type": ["string","null"],
            "maxLength": 16
        }
    }
}