{
    "$schema": "http://json-schema.org/draft-04/schema#",
    "description": "Request to BatchDetail service to process a single batch record",
    "type":  "object",
  	"additionalProperties": false,
    "properties": 
    {
        "batchDetailId": {
            "description": "A number that uniquely identifies the iResearch batch detail record.",
            "type": "integer",
            "minimum": 1,
            "maximum": 999999999
        },
        "batchRequestId": {
            "description": "A number that uniquely identifies the iResearch batch which this request is a part of (not populated if request is not part of a batch).",
            "type": "integer",
            "minimum": 1000,
            "maximum": 999999999
        },
        "recordNumber": {
            "description": "A number that uniquely identifies the record in the batch - monotonically assigned starting from 1.",
            "type": "integer",
            "minimum": 1,
            "maximum": 999999
        },
        "batchResearchRequest": {
            "description": "The original research request as provided by the client (may be in minibatch format or some other API format TBD).",
            "type": "object",
            "javaType": "com.dnb.irsch.bom.BatchResearchRequestEntry"
        },
        "countryCode": {
            "description": "The ISO 2-alpha code specifying the country where the subject is located.",
            "type": "string",
            "minLength": 2,
            "maxLength": 2
        },
        "duns": {
            "description": "The Dun & Bradstreet proprietary number assigned in accordance with the Data Universal Numbering System that uniquely identifies this organization.  Clarification Note:  if the D-U-N-S Number is populated, it is not subject to change.  If it turns out that this was not the correct/intended subject, a new request needs to be submitted.  Design Note:  this has been defined as string data to record leading zeros.  Currently, it is expected to be a 9-digit string.  The extra 2 characters are in the event the D-U-N-S Number size is ever expanded.",
            "type": "string",
            "maxLength": 11
        },
        "partnerName": {
            "description": "Text specifying the name of the partner that will be doing the research.",
            "type": "string",
            "maxLength": 240
        },
        "partnerId": {
            "description": "A unique id of the partner.",
            "type": "integer",
            "maximum": 9999
        },
        "researchRequestId": {
            "description": "A number that uniquely identifies the iResearch research request being inquired upon.",
            "type": "integer",
            "minimum": 10000,
            "maximum": 999999999
        },
        "batchRequestRejectId": {
            "description": "A number that uniquely identifies the request reject.  Clarification Note: One of the four fields researchRequestId, subjectResearchId, batchRequestId, and batchRequestRejectId must be present, but not more than one of them.",
            "type": "integer",
            "minimum": 1,
            "maximum": 999999999
        },
        "isRejected": {
            "description": "When turned ON (set to true), the record was rejected due to validation errors (default false).",
            "type": "boolean"
        },
        "isSuppressed": {
            "description": "When turned ON (set to true), the record is to be suppressed from sending to submitCase because its DUNS is a duplicate of another record in the batch and was combined into another record number (default false). In this case, the BatchDetail service would not create a new rejection record in the database, even though it would need to record the detail record and mark its rejection indicator accordingly.",
            "type": "boolean"
        }		
    }
}
