{
  "definitions": {},
  "$schema": "http://json-schema.org/draft-04/schema#",
  "$id": "http://example.com/root.json",
  "type": "object",
  "javaType": "com.dnb.irsch.bom.bdrs.request.BDRSRequestChildOrganization",
  "additionalProperties": false,
  "properties": {
        "duns": {
            "description": "The Dun & Bradstreet proprietary number assigned in accordance with the Data Universal Numbering System that uniquely identifies the organization.  Design Note: this has been defined as string data to record leading zeros. The User Interface (UI) will ensure that the string is 9 numeric digits. The extra 2 characters are in the event the D-U-N-S Number size is ever expanded.",
            "type": "string",
            "maxLength": 11
        },
        "organizationName": {
            "description": "Text specifying the name of the organization.",
            "type": "string",
        "maxLength": 240
        },
        "countryCode": {
            "description": "The ISO 2-alpha code specifying the country where the organization is located.",
            "type": "string",
            "maxLength": 2          
        },
        "streetAddress": {
            "description": "Text specifying the street number and name of this address.  It may contain additional information like a suite number, floor, or other information that helps pinpoint the location.",
            "type": "string",
            "maxLength": 240
        },
        "town": {
            "description": "The name of the town or city recognized by the Postal Authority for delivering mail to this address.",
            "type": "string",
            "maxLength": 64
        },
        "territory": {
            "description": "The name of the locally governed area that forms part of a centrally governed nation, like a province in Canada (e.g., ON, BC), a state in the United States of America (e.g., NJ, NY), or a home country in the United Kingdom (e.g., England, Wales) where this address is located.",
            "type": "string",
            "maxLength": 64
        },
        "postalCode": {
            "description": "An identifier used by the local country Postal Authority to identify the particular geographic location where this address is located, e.g., the zip code in the United States.",
            "type": "string",
            "maxLength": 32
        },
        "telephone": {
            "description": "The complete number used for reaching the subject in a telephone communication network, with the exception of the international calling code, e.g., 4089961010 for Apple in Cupertino, CA, USA.",
            "type": "string",
            "maxLength": 16
        },
        "isdCode": {
            "description": "Text preceding the Phone Number that is entered when the destination country for the telephone communication network is different from the country where the call originates.",
            "type": "string",
            "maxLength": 8
        },
		"linkageChangeActionCode": {
			"description": "A code identifying the action that either the requester believes needs be taken with this child linkage, in the case of a submission, or the action that the researcher has determined needs to be taken with this child linkage, in the case of a resolution.  For a requester, the possible values are:  (1) remove the linkage, (2) correct the linkage (replace or add), or (3) create a new D-U-N-S Number to add/fix the linkage.  For a researcher the possible values are:  (1) remove the linkage, (2) add the linkage, or (3) replace the linkage.",
			"type": "integer",
			"maximum":  9999999
		},	
		"isBranch": {
			"description": "When turned OFF (set to false) it means that the requester believe the 'subject : child' relationship is a 'parent : subsidiary'association. When turned ON (set to true) it means that the requester believes the 'subject : child' relationship is a 'headquarters : branch' association.  When set to NULL it means that the requester has not identified the role played by the child in the one-up linkage relationship.  Clarification Note:  if the 'child' is identified as a branch, then this is a linkage relationship, but it is not technically an ownership relationship, as the branch (i.e., the subject) is not a legal entity.  Instead, the subject is a part of the headquarters business and therefore cannot be 'owned'.",
			"type": "boolean"
		}
    }
}

