{
	"$schema": "http://json-schema.org/draft-04/schema#",
	"description": "This is the definition for the json document that records a remark that was entered through the iResearch UI.  It is a remark regarding a research request (if the researchRequestId is present) or a specific Subject Research (if the subjectResearchId is present).  This schema typically does not represent a standalone document, but rather is embedded in (referenced by) another schema, where it will often be defined as an array where the data content described by this schema will be one entry in that array.",
	"type": "object",
	"additionalProperties": false,
	"properties": {
		"commentId": {
			"description": "A number that uniquely identifies the comment. Not filled in when submitting a comment, but may be returned for reference when retrieving the comment.",
			"type": "integer",
            "maximum": 999999999
		},
		"subjectResearchId": {
			"description": "A number that uniquely identifies the iResearch subject research.  Clarification Notes:  (1)  it is mutually exclusive with researchRequestId, where one of the two must be present, (2) this property is defined as a bigint column in the database, which allows for a number as large as 2 to the power of 64, minus 1.",
			"type": "integer",
            "maximum": 999999999
		},
		"researchRequestId": {
			"description": "Clarification Notes:  (1)  it is mutually exclusive with subjectResearchId, where one of the two must be present, (2) this property is defined as a bigint column in the database, which allows for a number as large as 2 to the power of 64, minus 1.",
			"type": "integer",
            "maximum": 999999999
		},
        "researchUserId": {
            "description": "A number uniquely identifying the iResearch user who wrote the comment recorded in this array entry",
            "type": "integer",
            "maximum": 9999999
        },
		"researchUser": {
			"description": "The embedded json schema records details describing the iResearch user who wrote the comment recorded in this array entry, such as the person's name, email address, and whether this person is currently an active user.",
			"$ref": "iResearchResearchUserLayout.json"
		},
		"commentTypeCode": {
			"description": "A code specifying the nature of this research comment.  Here are possible examples:  (1) Research Requester Comment, (2) Internal Researcher Comment, (3) Resolution Comment, (4) Communication Comment, and (5) QA Comment.  The possible values are recorded in SCoTS Code Table 761 [ iResearch Comment].",
			"type": "integer",
			"maximum": 9999999	
		},
		"commentTimestamp": {
			"description": "The date and time when the comment in this entry was posted here.  Clarification Notes:  (1) the expected format is YYYY-MM-DDThh:mm:ss.sss±hh:mm, as per ISO 8601, (2) the value here is set by the iResearch application service.",
			"type": "string",
			"format": "date-time"
		},
		"researchComment": {
			"description": "Text entered by a requestor, a submitter on behalf of a requestor, or a researcher with information pertinent to conducting the research or reporting on its results.  As some examples, it may be an explanation for a challenge, information on what the data should be instead, a message that the data change cannot be seen, or a resolution comment.",
			"type": "string",
			"maxLength": 4000
		},
	    "researchIteration": {
			"description": "The iteration of the research this comment applies to. (this will be non-zero for cases that were challenged)",
			"type": "integer",
			"maximum": 2
		}
	},
	"required": [
		"commentTypeCode",
		"researchComment"
	]
}
