{
    "$schema": "http://json-schema.org/draft-04/schema#",
    "description": "This is a definition of the json object that captures the contacts(email, phone, etc) made by a researcher. Either outgoing or incoming.",
    "type": "object",
    "additionalProperties": false,
	"javaType": "com.dnb.irsch.bom.ContactEntry",
    "properties": {
        "contactEntryId": {
            "description": "Uniquely identifies this contact entry. Not applicable for UpdateAndCloseApi.",
            "type": "integer",
			"minimum": 20000,
            "maximum": 999999999
        },
        "subjectResearchId": {
            "description": "Uniquely identifies this iResearch subject research. Not applicable for UpdateAndCloseApi.",
            "type": "integer",
			"minimum": 20000,
            "maximum": 999999999
        },
        "communicationMethodCode": {
            "description": "A code specifying what form of interaction was attempted or taken for this contact event, e.g., telephone, eMail. This can be set to any of the code values in code table SCoTS Code Table 547 [ Communication Method ] that is identified as being applicable to iResearch.",
			"type": "integer",
            "maximum": 9999999
        },
        "outboundIndicator": {
            "description": "When turned ON (set to 1) it means that this communication event was initiated by the researcher (i.e., a person employed by D&B or a person working for a vendor contracted by D&B to conduct research on D&B's behalf). When turned OFF (set to 0) it means that this communication event was initiated by an external party, i.e., the subject organization or a third party source (e.g., a business registry office, the subject organization's accounting firm/auditor). It is defaulted to the ON condition.",
			"type": "integer",
            "maximum": 9
         },
        "subjectOrganizationIndc": {
            "description": "When turned ON (set to 1) it means that this communication event is with the subject organization. When turned OFF (set to 0) it means that this communication event is with an entity other than the subject organization, i.e., a third party, such as a Secretary of State, an auditing firm. It is defaulted to the ON condition.",
			"type": "integer",
            "maximum": 9
         },
		 "phoneNumber": {
			"description": "The complete number used for reaching someone for information regarding the subject organization in a telephone communication network, with the exception of the international calling code, which is recorded separately. If the Communication Method Code indicates that this communication event was via telephone, then this attribute must be populated if the Outbound Indicator is also turned ON (set to 1).",
			"type": "string",
			"maxLength": 16
		},
        "internationalCallingCode": {
            "description": "Text preceding the Phone Number that is entered when placing a call if the destination country for the telephone communication network is different from the country where the call originates. If the Phone Number is populated, then this attribute must also be populated.",
            "type": "string",
            "maxLength": 8
        },
        "contactEmailAddress": {
            "description": "A text string identifying the 'mail' destination address for reaching the contact by electronic communication over the Internet, e.g., tcook@apple.com. If the Communication Method Code indicates that this communication event was via email, then this attribute must be populated.",
            "type": "string",
            "maximum": 254
        },
        "communicationAttachmentId": {
            "description": "A number uniquely identifying the entry in the Attachment entity to which this entry belongs. That Attachment entry will provide the location of any communication for which a record was created, like an email message, so it can be accessed. If the Communication Method Code indicates that this communication event was via email, then this attribute must be populated. Similar additional validations may be needed as other methods are introduced for conducting research that also always produce a record of the communication.",
            "type": "integer",
            "maximum": 2999999999
        },
		"contactTimestamp": {
			"description": "The date and time of this contact or contact attempt. For instance, it could be when the call was placed or the email was sent. This will be populated by the service.",
			"format": "date-time"
		},
        "resultCode": {
            "description": "code specifying the outcome of the contact attempts. Examples of possible outcomes are: no answer to phone call, invalid phone number, left a voicemail message, contact declined to provide information, provided information, follow up needed, eMail sent. The value populated here comes from SCoTS code table 776 [iResearch Contact Result]. Populating a value here is mandatory and if the result is 'follow up needed', typically the Follow Up Timestamp will also be populated.",
			"type": "integer",
            "maximum": 9999999
        },
        "managementInterviewIndc": {
            "description": "When turned ON (set to 1) it means that the researcher has made contact with a person at the subject organization whose name and title has been identified (and recorded) and who is highly knowledgeable, or in a position of authority, with respect to the requested information. Please note, that this does not necessarily mean that information was actually provided; the contacted person could have declined to share information with D&B. The Result Code should be consulted to learn the outcome of the call. When turned OFF (set to 0) it means that: (1) the researcher has made contact with a person at the subject organization who is not in a position to provide authoritative information to D&B or (2) the contact at the subject organization could not be reached or (3) the reached contact is with some entity other than the subject organization. It is defaulted to the OFF condition.",
			"type": "integer",
            "maximum": 9
        },
        "contactOrganizationName": {
            "description": "The name of the organization that the researcher was attempting to reach, had reached, or was contacted by. This provides useful information as to the identity of the potential data source when the Subject Organization Indicator is turned OFF (set to 0)",
            "type": "string",
            "maximum": 240
        },
        "contactName": {
            "description": "The name of the person the researcher has attempted, or managed, to communicate with for information regarding the subject organization.",
            "type": "string",
            "maximum": 240
        },
        "contactTitleText": {
            "description": "Text identifying the title of the person the researcher has attempted, or managed, to communicate with for information regarding the subject organization.",
            "type": "string",
            "maxLength": 192
        },
		"followUpTimestamp": {
			"description": "The date, and possibly the time, when the researcher intends to next try reaching the contact as of when this entry was created. The expected format is YYYY-MM-DDThh:mm:ss.sss±hh:mm, as per ISO 8601",
			"type": "string",
			"pattern": "^[0-9]{4}-[0-1]{1}[0-9]{1}-[0-3]{1}[0-9]{1}T[0-2]{1}[0-9]{1}:[0-5]{1}[0-9]{1}:[0-5]{1}[0-9]{1}[.]{1}[0-9]{3}[+|-]{1}[0-2]{1}[0-9]{1}:[0-5]{1}[0-9]{1}"
        },
        "researchUserId": {
            "description": "A number uniquely identifying the iResearch user who wrote the comment recorded in this array entry. Not applicable for UpdateAndCloseApi.",
            "type": "integer",
            "maximum": 9999999
        },
		"researchUser": {
			"description": "The embedded json schema records details describing the iResearch user who wrote the comment recorded in this array entry, such as the person's name, email address, and whether this person is currently an active user. Not applicable for UpdateAndCloseApi.",
			"$ref": "iResearchResearchUserLayout.json"
		}
	}
}