{
    "$schema": "http://json-schema.org/draft-04/schema#",
    "description": "Response expected from Darwin",
    "javaType": "com.dnb.irsch.bom.darwin.DarwinResponse",
    "type":  "object",
    "additionalProperties": false,
    "properties": 
    {
        "status": {
            "description": "Status returned from Darwin, usually success",
            "type": "string"
        },
        "dunsResults": {
            "type": "array",
            "items": {
                "$ref": "DarwinContent.json"
            }
        }
    }
}
