{
	"$schema": "http://json-schema.org/draft-04/schema#",
	"description": "This schema records usage information about an iResearch request for Direct Plus for VBO.",
	"type": "object",
	"properties": {
		"GUID": {
			"description": "Global Unique User ID – provided by IDaaS for all authenticated sessions, required by other systems where work is done on behalf of a user (e.g. we receive and manually do work).  GUID will need to be passed to all downstream systems which register usage.",
			"type": "string"
		},
		"apiKey": {
			"description": "The API Key/Client Key that was used to request data",
			"type": "string"
		},
		"apiKeyType": {
			"description": "This field will identify whether the key is Prod Key or a Dev Key",
			"type": "string"
		},
		"drt": {
			"description": "Domain Record Tracker - this is created, assigned by VBO. Required in usage so that the correct billing model can be assigned for RUM calculation",
			"type": "string"
		},
		"emailAddress": {
			"description": "The email address of the user as provided by IDaaS",
			"type": "string"
		},
		"POAEID": {
			"description": "Unique Event Identifier generated at the point of arrival of the user – this ID should be passed to all subsequent API calls and is used to tie multiple system API calls back to a single POA request by a user",
			"type": "string"
		},
		"subscriberID": {
			"description": "Unique Identifier for the subscriber through which the contract is provisioned as provided by IDAAS",
			"type": "string"
		},
		"subscriberName": {
			"description": "Name of the customer",
			"type": "string"
		},
		"appID": {
			"description": "Assigned (by the VBO when the application is registered) ID for the Application generating the usage",
			"type": "string"
		},
		"capID": {
			"description": "Assigned (by the VBO when the application is registered)ID for the Application which supported the customer's application. If multiple applications are used for the same transaction, all IDs are to be given by a comma separator.",
			"type": "string"
		},
		"eventType": {
			"description": "One of the enumerated list of event types that describes the type of this event",
			"type": "string"
		},
		"timeStamp": {
			"description": "The fully qualified UTC timestamp at which the event occurred with the local time zone. ISO 8601 format is proposed.",
			"type": "string"
		},
		"featureURI": {
			"description": "A coma seperated string conisting of type/subtype and ending with the priority.",
			"type": "string"
		},
		"subjectDunsEntityId": {
			"description": "Either the resolution duns or empty if resolution duns is not provided",
			"type": "string"
		},
		"reasonCode": {
			"description": "In some markets, the user is required to give a reason for the order. This value will be from an enumerated list of different values for each subject market.",
			"type": "string"
		},
		"customerReference": {
			"description": "Reference entered by the customer at POA relating back to some internal customer object (order, PO, etc.)",
			"type": "string"
		},
		"subscriberCountry": {
			"description": "The subscriber country that the customer belongs to. ISO Alpha 2 format",
			"type": "string"
		},
		"subjectName": {
			"description": "Name of the company/entity for which the data was pulled",
			"type": "string"
		},
		"subjectCity": {
			"description": "Name of the city where the company is located",
			"type": "string"
		},
		"subjectState": {
			"description": "Name of the state where the company is located",
			"type": "string"
		},
		"subjectCountry": {
			"description": "Name of the country where the company is located",
			"type": "string"
		},
		"enquiredDuns": {
			"description": "DUNS that was requested to investigate",
			"type": "string"
		},
		"investigationCompleteCode": {
			"description": "Completion code",
			"type": "string"
		},
		"investigationPlacementDate": {
			"description": "Date the investigation was requested",
			"type": "string"
		},
		"investigationDuration": {
			"description": "Duration in days that the investigation took to resolve",
			"type": "string"
		},
		"portfolioSize": {
			"type": "integer"
		},	
		"responseTime": {
			"type": "integer"
		},		
		"eventID": {
			"type": "string"
		}		
	}
}