{
	"$schema": "http://json-schema.org/draft-04/schema#",
	"description": "This schema records usage information about an iResearch request for Direct Plus.",
	"type": "object",
	"properties": {
		"notificationId": {
			"description": "A UUID (universally unique identifier) that uniquely identifies this record. example:89D9FCB7DDD6484EA885A06090AB1DFF",
			"type": "string"
		},
		"investigationPriorityTypeCode": {
			"description": "A billing priority code.",
			"type": "integer",
			"maximum": 9999999
		},
		"investigationCompletionTypeCode": {
			"description": "A code that describes how the research/investigation was completed.",
			"type": "integer",
			"maximum": 9999999
		},
		"investigationTypeCode": {
			"description": "A code that describes type of research/investigation. Will be null for new duns linkage.",
			"type": "integer",
			"maximum": 9999999
		},
		"investigationBillingProductCode": {
			"description": "A code that represents the billing product code.",
			"type": "integer",
			"maximum": 9999999
		},
		"quantity": {
			"description": "Quantity.",
			"type": "integer",
			"maximum": 9999999
		},
		"requestMethodCode": {
			"description": "A code specifying one of the possible ways for someone to enter a query to question data that is in D&B's business files, or to get information that is not presently in D&B's business files, that will cause D&B to conduct research.",
			"type": "integer",
			"maximum": 9999999
		},
		"researchRequestId": {
			"description": "A number that uniquely identifies the iResearch request to which this investigation belongs.",
			"type": "integer",
			"minimum": 10000,
			"maximum": 999999999
		},
		"investigationCreationTimestamp": {
			"description": "The date and time when research was created in the iResearch database.",
			"type": "string"
		},
		"investigationSatisfiedTimestamp": {
			"description": "The date and time when research was resolved in iResearch.",
			"type": "string"
		},
		"investigationCompletionTimestamp": {
			"description": "The date and time when research was resolved in iResearch.",
			"type": "string"
		},
		"requestorSubscriberNumber": {
			"description": "The number used to identify this D&B contractual customer when this user can submit requests.",
			"type": "integer",
			"maximum": 999999999
		},
		"requestorGeoRefID": {
			"description": "The geo reference id identifying where the requestor is located.",
			"type": "string"
		},
		"requestorLoginKey": {
			"description": "The IDaaS userid used for authenticating the request.",
			"type": "string",
			"maxLength": 256
		},
		"requestorOwnRequestKey": {
			"description": "A number or text string provided by the requester identifying how this particular research request is known in their system. This is passthrough data that is not used by D&B for conducting research and is instead returned with the D&B resolution so the requester can put the returned information in the proper context, i.e., how the request is known at their location.",
			"type": "string",
			"maxLength": 32
		},
		"subjectOganizationName": {
			"description": "Text specifying the name of the subject to be researched/investigated.",
			"type": "string",
			"maxLength": 240
		},
		"inquiredDuns": {
			"description": "The duns number of subject under investigation. May be null if it's a new duns request.",
			"type": "string",
			"maxLength": 11
		},
		"answeredDuns": {
			"description": "The resolution duns.",
			"type": "string",
			"maxLength": 11
		},
		"subjectGeoRefId": {
			"description": "The geo reference id specifying the country where the subject is located.",
			"type": "string"
		},
		"subjectTerritory": {
			"description": "Name of territory. If abbreviation is available then use that, otherwise, full name will be provided.",
			"type": "string"
		},
		"subjectISO2AlphaCountryCode": {
			"description": "The ISO 2-alpha code specifying the country where the subject is located.",
			"type": "string",
			"minLength": 2,
			"maxLength": 2
		},
		"requestorISO2AlphaCountryCode": {
			"description": "An ISO 2-alpha country code identifying where the requestor is located.",
			"type": "string",
			"minLength": 2,
			"maxLength": 2
		},
		"requestorEmailAddress": {
			"description": "The email address of the user as provided by IDaaS",
			"type": "string"
		},
		"featureURI": {
			"description": "A coma seperated string conisting of type/subtype and ending with the priority.",
			"type": "string"
		}
	}
}