{
    "$schema": "http://json-schema.org/draft-04/schema#",
    "description": "Holds further information about any error that occurred in the service layer. Do not modify this schema, it is intentionally mimicing the standard error response generated by AWS for Lambda failure.",
    "type":  "object",
	"additionalProperties": false,
    "properties": 
    {
        "errorMessage": {
            "description": "Descriptive user-friendly error message of what error occurred.",
            "type": "string"
        },
        "errorType": {
            "description": "Name of custom exception class that captures the reason for the error. This must be one of the standard LambdaProcessingException sub-types.",
            "type": "string"
        },
        "stackTrace": {
            "description": "Technical details of where the error occurred, not for display to users.",
            "type": "string"
        }
    }
}
