{
	"$schema": "http://json-schema.org/draft-04/schema#",
	"description": "This schema represents the request parameters for firmographics data.",
	"type": "object",
	"additionalProperties": false,
	"javaType": "com.dnb.irsch.bom.firmographics.FirmographicsDataRequest",
	"properties": {
		"duns": {
			"description": "The Dun & Bradstreet proprietary number assigned in accordance with the Data Universal Numbering System that uniquely identifies this organization.  Clarification Note:  if the D-U-N-S Number is populated, it is not subject to change.  If it turns out that this was not the correct/intended subject, a new request needs to be submitted.  Design Note:  this has been defined as string data to record leading zeros.  The User Interface (UI) will ensure that the string is 9 numeric digits.  The extra 2 characters are in the event the D-U-N-S Number size is ever expanded.",
			"type": "string",
			"maxLength": 11
		}
	}
}