{
	"$schema": "http://json-schema.org/draft-04/schema#",
	"description": "This API is the response to the getNextRequest.",
	"type": "object",
	"additionalProperties": false,
	"properties": {
        "errorResponse": {
            "$ref": "errorResponse.json"
        },
        "warningResponse": {
            "$ref": "warningResponse.json"
        },
        "customerNames": {
            "description": "An array recording all the unique customer batches across all get-next batches with unassigned cases.",
            "type": "array",
            "items": {
                "$ref": "iResearchBatchCustomerLayout.json",
                "required": [
                    "customerName",
                    "batchRequestId"
                ]
            }                   
        },
        "retrieveCaseResponse": {
            "$ref": "retrieveCaseResponse.json"
        },
        "lookupRule": {
            "description": "A description of the lookup rule.",
            "type": "string",
            "maxLength": 250
        }
    }
}