{
    "$schema": "http://json-schema.org/draft-04/schema#",
    "description": "The request for a researcher to get the list of customers available, or assign the next case.",
    "type": "object",
    "additionalProperties": false,
    "properties": {
        "requestType": {
            "description": "The type of request being made, e.g. customerNames(1) or getNext(2).",
            "type": "integer",
            "maximum": 9999999
        },
        "customerName": {
            "description": "The optional customer name; if provided, then the getNext request will only consider requests from this customer and for provided batchReuestId.",
            "type": "string",
            "maximum": 250
        },
        "batchRequestId": {
            "description": "A number that uniquely identifies the iResearch batch that goes with the customer name. If customer name is provided then batchRequestId is required.",
            "type": "integer",
            "minimum": 1000,
            "maximum": 999999999
        }
    }
}