{
	"$schema": "http://json-schema.org/draft-04/schema#",
	"description": "This schema records elements needed during the processing of research results. It is separated from the ResearchResults because they are internal iResearch fields needed only to support the research workflow processes.",
	"type": "object",
	"additionalProperties": false,
	"javaType": "com.dnb.irsch.bom.ResearchProcessing",
	"properties": {
		"subjectResearchId": {
			"description": "Uniquely identifies this iResearch subject research. It is an auto-generated integer id. Not applicable for UpdateAndCloseApi.",
			"type": "integer",
			"minimum": 20000,
			"maximum": 999999999
		},
		"linkageResearchers": {
			"description": "An array of LinkageResearcher objects, with each element representing the research compiled by a single researcher in researching a linkage family tree.",
			"type": "array",
			"items": {
				"$ref": "iResearchLinkageResearcherLayout.json",
				"required": [
					"sourceName"
				]
			}
		},
		"currentLinkageResearcherIndex": {
			"description": "Stores a current research position index (0-based element number in the  linkageResearchers array) indicating which researcher/level is currently being acted on by a researcher or QC. (Note: Once QC approves this level, if there is another level to be investigated then the position# advances to the next level.)",
			"type": "integer",
			"maximum": 99999
		}
	}	
}
