{
	"$schema": "http://json-schema.org/draft-04/schema#",
	"description": "This schema records information on a subject organization for which the requester wants research to be conducted.  This schema represents a single organization, but this schema can be incorporated in another schema as an array, and in that manner can cover multiple organizations.  It has a parent schema named iResearch Research Request.  A research request can have more than one subjectResearch document for an organization because the research is broken up into multiple entries if it needs to go to multiple teams based on the research types that were requested.  For example, if the research requested on organization X, which is located in the US, is for trade data and public records data, there will be a document for each, because each needs to go to a different research team.  Note regarding the 'javaType' keyword:  specifying this name controls the naming of generated Java source code so it conforms to Java packaging and naming standards.  In addition, this keyword was necessary to naming the json schema in accordance with the new DA naming standard without impacting the application code that's already been written.  As for the components of the javaType name, 'com' stands for company, 'dnb' for D&B, 'irsch' for iResearch, 'bom' for Busines Object Model, and it ends with the schema name used in the java code.",
	"type": "object",
	"additionalProperties": false,
	"javaType": "com.dnb.irsch.bom.SubjectResearch",
	"properties": {
		"subjectResearchId": {
			"description": "A number that uniquely identifies this iResearch subject research ('case').",
			"type": "integer",
			"minimum": 20000,
			"maximum": 999999999
		},
		"researchRequestId": {
			"description": "A number that uniquely identifies the iResearch request to which this subject research belongs.",
			"type": "integer",
			"minimum": 10000,
			"maximum": 999999999
		},
		"researchTypes": {
			"description": "Research Type identifies all the research (down to the sub-type level) that is to be conducted on the subject as per this document, where there will be an entry in the array for each type of research (i.e., the unique research type/research sub-type combination).  It also records the resolution code, and possibly the sub-resolution code, for each research type once the research is concluded.  Refer to the iResearch subjectResearch sample json document for an illustration of this array.  Clarification Note:  the research types may vary by subject in a batch request.",
			"type": "array",
			"minItems": 1,
			"items": {
				"$ref": "iResearchResearchTypeLayout.json",
				"required": [
					"researchTypeCode", "researchSubTypeCode"
				]
			}
		},
        "submittedData": {
        	"description": "A collection of all the data that was provided by the requester concerning the organization of interest with regard to this subject research.  Design Note:  the properties and objects (arrays) inside this 'submittedData' object should not need to be prefixed with the word 'submitted', but an exception had to be made for the following two arrays to differentiate them from like-named arrays in the iResearchResearchResultLayout schema, that are defined with a different set of properties, to prevent the problem the duplicate array names were causing when they were imported into java:  submittedDuplicateDunsNumbers and submittedRelatedOrganizations.",
			"type": "object",
			"additionalProperties": false,
            "$ref": "iResearchSubmittedDataLayout.json"
        },
		"researchTeam": {
			"description": "A json object identifying and describing the research team currently assigned to work on this subject research (case).",
			"$ref": "iResearchResearchTeamLayout.json",
			"required": [
				"researchTeamId", "countryCode", "researchTeamName", "researchTeamOrganizationName"
			]
		},
		"researchUser": {
			"description": "A json object identifying and describing the researcher currently assigned to work on this subject research (case).",
			"$ref": "iResearchResearchUserLayout.json",
			"required": [
				"userFirstName", "userLastName", "userEmailAddress"
			]
		},
		"researchInternalStatusCode": {
			"description": "A code that provides meaningful information to the D&B staff (including third party vendors hired by D&B such as Convergys and Cybersoft) on the current processing state of the research being conducted on the subject as of the Status Timestamp.  Here are some possible statuses:  Assigned, Threshold Exceeded, Callback AM, Rerouted.  Clarification Note:  the Research External Status Code, which is communicated to the requester, is typically much more general than the one recorded here.  These codes come from SCoTS code table 763 (iResearch Internal Status).",
			"type": "integer",
			"maximum": 9999999
		},
		"researchInternalSubStatusCode": {
			"description": "A code that provides more granular information to the D&B staff (including third party vendors hired by D&B such as Concentrix and Cybersoft) on the processing state of the research being conducted when the Research Internal Status Code is set to the value meaning 'Research in Progress'.  Here are some possible sub statuses:  (1) Callback AM, (2) Callback PM, (3) Email Communication Requested, and (4) Quality Review.  The value here comes from SCoTS Code Table 775 [iResearch Internal Sub-Status].",
			"type": "integer",
			"maximum": 9999999
		},
		"subStatusTimestamp": {
			"description": "The date and time when the researchInternalSubStatusCode was last set (changed).  Clarification Notes:  (1)  the expected format is YYYY-MM-DDThh:mm:ss.sss±hh:mm, as per ISO 8601 and (2)  the value here is set by the iResearch application service.",
			"type": "string",
			"format": "date-time",
			"maxLength": 29,
			"pattern": "^[0-9]{4}-[0-1]{1}[0-9]{1}-[0-3]{1}[0-9]{1}T[0-2]{1}[0-9]{1}:[0-5]{1}[0-9]{1}:[0-5]{1}[0-9]{1}[.]{1}[0-9]{3}[+|-]{1}[0-2]{1}[0-9]{1}:[0-5]{1}[0-9]{1}"
		},
		"followupTimestamp": {
			"description": "The date and time set by the researcher.  Clarification Notes:  (1)  the expected format is YYYY-MM-DDThh:mm:ss.sss±hh:mm, as per ISO 8601 and (2)  the value here is set by the iResearch application service.",
			"type": "string",
			"format": "date-time",
			"maxLength": 29,
			"pattern": "^[0-9]{4}-[0-1]{1}[0-9]{1}-[0-3]{1}[0-9]{1}T[0-2]{1}[0-9]{1}:[0-5]{1}[0-9]{1}:[0-5]{1}[0-9]{1}[.]{1}[0-9]{3}[+|-]{1}[0-2]{1}[0-9]{1}:[0-5]{1}[0-9]{1}"
		},
		"researchExternalStatusCode": {
			"description": "A code specifying the current status that is communicated to the requester, e.g., received, in progress, pending subject company response, closed.  Clarification Note:  the possible status values that are communicated with requesters are a more limited set, with more general meanings, than those that are used internally by researchers (the Research Internal Status Code). These codes come from SCoTS code table 764 (iResearch External Status).",
			"type": "integer",
			"maximum": 9999999
		},
		"statusTimestamp": {
			"description": "The date and time when the researchInternalStatusCode was last set (changed).  Clarification Notes:  (1)  the expected format is YYYY-MM-DDThh:mm:ss.sss±hh:mm, as per ISO 8601 and (2)  the value here is set by the iResearch application service.",
			"type": "string",
			"format": "date-time",
			"maxLength": 29,
			"pattern": "^[0-9]{4}-[0-1]{1}[0-9]{1}-[0-3]{1}[0-9]{1}T[0-2]{1}[0-9]{1}:[0-5]{1}[0-9]{1}:[0-5]{1}[0-9]{1}[.]{1}[0-9]{3}[+|-]{1}[0-2]{1}[0-9]{1}:[0-5]{1}[0-9]{1}"
		},
		"externalStatusTimestamp": {
			"description": "The date and time when the researchExternalStatusCode was last set (changed).  Clarification Notes:  (1) the expected format is YYYY-MM-DDThh:mm:ss.sss±hh:mm, as per ISO 8601, (2) the value here is set by the iResearch application service.",
			"type": "string",
			"format": "date-time",
			"maxLength": 29,
			"pattern": "^[0-9]{4}-[0-1]{1}[0-9]{1}-[0-3]{1}[0-9]{1}T[0-2]{1}[0-9]{1}:[0-5]{1}[0-9]{1}:[0-5]{1}[0-9]{1}[.]{1}[0-9]{3}[+|-]{1}[0-2]{1}[0-9]{1}:[0-5]{1}[0-9]{1}"
		},
		"teamAssignmentTimestamp": {
			"description": "The date and time when the current team was assigned.  Clarification Notes:  (1) the expected format is YYYY-MM-DDThh:mm:ss.sss±hh:mm, as per ISO 8601 and (2)  the value here is set by the iResearch application service.",
			"type": "string",
			"format": "date-time",
			"maxLength": 29,
			"pattern": "^[0-9]{4}-[0-1]{1}[0-9]{1}-[0-3]{1}[0-9]{1}T[0-2]{1}[0-9]{1}:[0-5]{1}[0-9]{1}:[0-5]{1}[0-9]{1}[.]{1}[0-9]{3}[+|-]{1}[0-2]{1}[0-9]{1}:[0-5]{1}[0-9]{1}"
		},
		"routingReasonCode": {
			"description": "A code explaining why the research being conducted by this team was routed to another research team, e.g., the request must go to a special team (e.g., severe risk), escalation to a different team, sent to the QA team for review.  Clarification Notes:  (1) the value here will be NULL for transfers that occur within this team. The Transferred Reason Code attribute will explain why the transfer was needed, (2) the value recorded here come from SCoTS Code Table 769 [ iResearch Transfer Reason ].",
			"type": "integer",
			"maximum": 9999999
		},
		"researcherAssignmentTimestamp": {
			"description": "The date and time when the researcher was tasked with reviewing and possibly updating the information on the subject.  Clarification Notes: 1. the expected format is YYYY-MM-DDThh:mm:ss.sss±hh:mm, as per ISO 8601, 2. the value here is set by the iResearch application service.",
			"type": "string",
			"format": "date-time",
			"maxLength": 29,
			"pattern": "^[0-9]{4}-[0-1]{1}[0-9]{1}-[0-3]{1}[0-9]{1}T[0-2]{1}[0-9]{1}:[0-5]{1}[0-9]{1}:[0-5]{1}[0-9]{1}[.]{1}[0-9]{3}[+|-]{1}[0-2]{1}[0-9]{1}:[0-5]{1}[0-9]{1}"
		},
		"transferReasonCode": {
			"description": "A code explaining why the research was reassigned from another researcher on the team to the researcher currently identified in this entry, e.g., the prior researcher went on leave or had too large a workload, the prior researcher did not have the appropriate skill level.  Clarification Notes:  (1) the value here will be NULL for routing that occurs between teams. The Routed Reason Code attribute will explain why the routing to another team was needed, (2) the value recorded here come from SCoTS Code Table 769 [ iResearch Transfer Reason ].",
			"type": "integer",
			"maximum": 9999999
		},
		"isQualityCheckRequired": {
			"description": "When this indicator is turned ON (set to true) it means that this research must undergo extra scrutiny, by a separate quality team, to confirm the results are accurate.   When this indicator is turned OFF (set to false) it means that this research is not subjected to extra scrutiny by a separate quality team to confirm the results are accurate.",
			"type": "boolean"
		},
		"isSevereRisk": {
			"description": "When turned ON (set to true) it means that this organization is specifically characterized as having misrepresented itself, meaning it exhibits characteristics of deception.   Examples include:  providing information that conflicts with public or third-party sources; knowingly omitting significant or negative information, and misrepresenting information to D&B, its suppliers and / or its customers.  When turned OFF (set to false) it means that this organization has not been known to misrepresent itself.",
			"type": "boolean"
		},
		"isPublicCompany": {
			"description": "When turned ON (set to true) it means that shares in this business are traded on a stock exchange or in an Over the Counter (OTC) market.  When turned OFF (set to false) it means that equity in this business is not available to the general public.",
			"type": "boolean"
		},
		"isNationalCustomerRelations": {
			"description": "When turned ON (set to true) it means that this organization has some issue with D&B reporting on them, where they may have asked to be on the 'do not call' list or may have contacted D&B's Complaint Team, and as a result D&B's National Customer Relations team needs to handle any revisions to their 'report'.  When turned OFF (set to false) it means that this organization is not handled by D&B's National Customer Relations team.",
			"type": "boolean"
		},
		"isCCPA": {
			"description": "When turned ON (set to true) it means that this orgainziation has matched on CCPA (California Consumer Privacy Act) reference data and hence need to be flagged as such.",
			"type": "boolean"
		},
		"isBillable": {
			"description": "When this indicator is turned ON (set to true) it means that the requester will need pay for this research.  When this indicator is turned OFF (set to false) it means that the requester will not be charged for this research.",
			"type": "boolean"
		},
		"submissionTimestamp": {
			"description": "The date and time when this Subject Research was created in the iResearch database.  Clarification Notes:  (1)  the expected format is per ISO 8601 and (2)  the value here is set by the iResearch application service.  Design Note:  the name should be changed to at some point to subjectResearchCreationTimestamp so it is not misleading.",
			"type": "string",
			"maxLength": 29,
			"pattern": "^[0-9]{4}-[0-1]{1}[0-9]{1}-[0-3]{1}[0-9]{1}T[0-2]{1}[0-9]{1}:[0-5]{1}[0-9]{1}:[0-5]{1}[0-9]{1}[.]{1}[0-9]{3}[+|-]{1}[0-2]{1}[0-9]{1}:[0-5]{1}[0-9]{1}",
			"format": "date-time"
		},
		"researchChallenges": {
			"description": "This array provides basic information on each challenge that's been raised for the case, e.g., when it was opened, when it is due to be resolved, why it was opened.",
			"type": "array",
			"items": {
				"$ref": "iResearchResearchChallengeLayout.json",
				"required": [
					"challengeOpenedTimestamp",
					"challengeReasonCode",
					"challengeDueDate"				
				]
			}
		},
		"previousResearchIterations": {
			"description": "This array identifies one or two earlier iterations of the research so historical data is not lost.  It does not have any properties other than an inner array with the preserved data.",
			"type": "array",
			"items": {
				"type": "object",
                "javaType": "com.dnb.irsch.bom.PreviousResearchIteration",
				"properties": {
					"previousIterationsResearchTypes": {
						"description": "Identifies all the research (down to the sub-type level) that was already conducted on the subject in previous iterations of the research (e.g., the original research), where there will be an entry in the array for each type of research (i.e., the unique research type/research sub-type combination).  It also records the resolution code, and possibly the sub-resolution code, for each research type once the research is concluded.  Refer to the iResearch subjectResearch sample json document for an illustration of this array.  Clarification Note:  the research types may vary by subject in a batch request.",
						"type": "array",
						"minItems": 1,
						"items": {
							"$ref": "iResearchResearchTypeLayout.json",
							"required": [
								"researchTypeCode", "researchSubTypeCode","resolutionCode","subResolutionCode", "resolutionTimestamp"
							]
						}	
					}
				}
			}
		}
	},
	"required": [
		"subjectResearchId", "researchInternalStatusCode", "statusTimestamp", "researchExternalStatusCode", "externalStatusTimestamp", "submissionTimestamp", "researchTeam", "teamAssignmentTimestamp"
	]
}