{
    "$schema": "http://json-schema.org/draft-04/schema#",
    "description": "A schema recording the request for Dun & Bradstreet to conduct research on one or more subject organizations, minus identification of the actual subjects on which the research is to be performed, which are recorded instead in the Research Subject schema.  Note regarding the 'javaType' keyword:  specifying this name controls the naming of generated Java source code so it conforms to Java packaging and naming standards.  In addition, this keyword was necessary to naming the json schema in accordance with the new DA naming standard without impacting the application code that's already been written.  As for the components of the javaType name, 'com' stands for company, 'dnb' for D&B, 'irsch' for iResearch, 'bom' for Busines Object Model, and it ends with the schema name used in the java code.",
    "type": "object",
    "additionalProperties": false,
	"javaType": "com.dnb.irsch.bom.PartnerResearchRequest",
    "properties": {
	   "researchUserId": {
            "description": "A number uniquely identifying this user.  It has been assigned by the iResearch Database Management System (DBMS).",
            "type": "integer",
            "maximum": 9999999
        },
        "subscriberNumber": {
            "description": "The number used to identify this D&B contractual customer when this user can submit requests.  Clarification Notes:  (1) this must be populated if the research for this request are billable, (2) this must be populated if the request was entered by a WorldWide Network (WWN) partner, and (3) the 'customer' represents an organization, or perhaps a particular division/department within an organization; it is not the 'end user', so it would not be unusual for multiple users to have the same Subscriber Number.",
            "type": "integer",
            "maximum": 999999999
        },
        "researchRequestId": {
            "description": "Uniquely identifies this iResearch research request. It is an auto-generated integer id greater than 9999.",
            "type": "integer",
            "minimum": 10000,
            "maximum": 999999999
        },
        "requestMethodCode": {
            "description": "A code specifying one of the possible ways for someone to enter a query to question data that is in D&B's business files, or to get information that is not presently in D&B's business files, that will cause D&B to conduct research, e.g., the D&B user interface (UI) for entering this type of request, an API (Application Programming Interface) directly from a customer, through a D&B product system.  Clarification Note:  this can be set to any of the code values in code table SCoTS Code Table 307 [Service Access Code] that is identified as being applicable to iResearch.",
            "type": "integer",
            "maximum": 9999999
        },
        "submissionTimestamp": {
            "description": "The date and time when this query for research was 'registered' by the source providing the request (e.g., the UI, the API, the product system).  Clarification Notes:  (1)  the expected format is per ISO 8601 and (2)  the value here is set by the iResearch application service.",
            "type": "string",
            "maxLength": 29,
            "pattern": "^[0-9]{4}-[0-1]{1}[0-9]{1}-[0-3]{1}[0-9]{1}T[0-2]{1}[0-9]{1}:[0-5]{1}[0-9]{1}:[0-5]{1}[0-9]{1}[.]{1}[0-9]{3}[+|-]{1}[0-2]{1}[0-9]{1}:[0-5]{1}[0-9]{1}",
            "format": "date-time"
        },
        "requestorOrganizationName": {
            "description": "The name of the organization where the requestor is employed.  Clarification Notes:  (1) this attribute MUST be populated if the Submitter Acting on Behalf of Requestor Indicator is turned ON (set to true) AND the Organization Name in the Submitter table is not that of a D&B Worldwide Network (WWN) partner, (2) if the Organization Name in the Submitter table is that of a D&B Worldwide Network (WWN) partner, it's likely that there will be a NULL value here because partners typically do not share the identity of their customer, and (3) if the submitter and requestor are one and the same, then the value here is expected to match that of the Submitter Organization Name (in the Submitter entity).",
            "type": "string",
            "maxLength": 240
        },
        "submitterOrganizationName": {
            "description": "The name of the organization where the submitter is employed.  This will only be populated with the submitter organization name that comes from IDaaS (for UI requests only).",
            "type": "string",
            "maxLength": 240
        },
        "requestorCountryCode": {
            "description": "The ISO 2-character alpha code identifying the country where the requestor's organization is located. This element will not be populated in PartnerRetrieveCaseSummaryResponse.",
            "type": "string",
            "minLength": 2,
            "maxLength": 2
        },
        "requestorOwnRequestKey": {
        	"description": "A number or text string provided by the requester identifying how this request is known in their system. This is passthrough data that is not used by D&B for conducting research and is instead returned with the D&B resolution so the requester can put the returned information in the proper context, i.e., how the request is known at their location.",
        	"type": "string",
        	"maxLength": 32
        },
        "requestorOwnRequestDescription": {
        	"description": "Text supplied by the requester describing the request for their own use, from their own perspective. It is pass through data that is returned to the requester along with the D&B resolution; it has no bearing on the processing done by D&B and might not be meaningful to anyone other than the requester. This element will not be populated in PartnerRetrieveCaseSummaryResponse.",
        	"type": "string",
        	"maxLength": 640
        },
        "requestorPreferredLanguageCode": {
            "description": "A code specifying in what language the requestor wants D&B to communicate with them, e.g., French, Spanish. Clarification Note:  this can be set to any of the code values in code table SCoTS Code Table 3 [Language] that is identified as being applicable to iResearch.",
            "type": "integer",
            "maximum": 9999999
        },
        "priority": {
            "description": "A code specifying the priority of the investigation. Clarification Note: this can be set to any of the code values in code table SCoTS Code Table 154 [Investigation Priority Code].",
            "type": "integer",
            "maximum": 9999999
        },
        "dueDate": {
            "description": "The date when the research for this request is expected to be completed.  Clarification Notes:  (1) this date may be communicated by D&B to the requestor, (2) this is not the date by which the data gathered by this research is expected to be in product; there may be a delay before the updated data is in product, and (3) the expected format is per ISO 8601, e.g. yyyy-MM-dd.",
            "type": "string",
            "minLength": 10,
            "maxLength": 10,
            "format": "date"
        },
        "customerReferenceName": {
            "description": "Text optionally supplied by the requester describing the customer on whom they submitted the request on behalf of, for their own use, from their own perspective. May contain a user id, email address, or any other sort of key useful to the requester. It is pass through data that is returned to the requester along with the D&B resolution; it has no bearing on the processing done by D&B and might not be meaningful to anyone other than the requester.",
            "type": "string",
            "maxLength": 256
        },
        "notificationContacts": {
        	"description": "An array recording information on the people (or teams) who are to be informed of the research and any important status changes in the research (e.g., it was closed).  Any contact in this entity is assumed to have 'opted in' to getting at least some notification emails.  These contacts could potentially be with different organizations, e.g., two may be with the submitter organization and one may be with the third party organization. This element will not be populated in PartnerRetrieveCaseSummaryResponse.",
        	"type": "array",
			"items": {
				"type": "object",
				"additionalProperties": false,
				"$ref": "iResearchNotificationContactLayout.json"
				},
				"required": [
					"emailAddress",
					"contactOrganizationRoleCode"
				]
		}
    },
    "required": [
        "researchRequestId",
        "requestMethodCode",
        "submissionTimestamp"
    ]
}