{
    "$schema": "http://json-schema.org/draft-04/schema#",
    "description": "This schema records optional information regarding the execution of an iResearch extract process that pulls usage records for a particular billing function type, e.g., the location of the produced files, the names of the systems that will be recipients of the files.  This data will be absent if no files are produced, and otherwise is expected.  Note regarding the 'javaType' keyword:  specifying this name controls the naming of generated Java source code so it conforms to Java packaging and naming standards.  In addition, this keyword was necessary to naming the json schema in accordance with the new DA naming standard without impacting the application code that's already been written.  As for the components of the javaType name, 'com' stands for company, 'dnb' for D&B, 'irsch' for iResearch, 'bom' for Busines Object Model, and it ends with the schema name used in the java code.",
    "type": "object",
    "additionalProperties": false,
	"javaType": "com.dnb.irsch.bom.UsageExtractInformation",
    "properties": {
    	"usageFilesLocations": {
    		"description": "An array identifying the key for the location of the copy of the created 'extract' file holding all the relevant usage records, as well as the keys for all the peripheral files (e.g., reconciliation files), in the AWS (Amazon Web Services) S3 data store.  The 'extract' file is a backup that can be retrieved if the actual transmitted file did not reach its destination, so it can be resent.  It can also be used for troubleshooting if questions are raised concerning the file's data content.",
			"type": "array",
			"items": {
				"type": "object",
				"additionalProperties": false,
				"properties": {
					"s3ObjectKey": {
					"description": "Text identifying the location of a usage-related file in the AWS (Amazon Web Services) S3 data store that was created by the iResearch application.  Clarification Note:  this will be a file copy, not the transmitted file.",
					"type": "string",
					"maxLength": 1024
					}
				},
				"required": [
					"s3ObjectKey"
				]
			}						
		},
    	"destinationSystemsDescriptions": {
    		"description": "An array identifying all of the downstream systems to which the usage-related files produced by the iResearch application are to be sent.",
			"type": "array",
			"items": {
				"type": "object",
				"additionalProperties": false,
				"properties": {
					"destinationSystemDescription": {
					"description": "Text specifying the name of a destination system that will be a recipient of the 'extract' file with the usage records as well as any other usage-related files that are being transmitted.",
					"type": "string",
					"maxLength": 256
					}
				},
				"required": [
					"destinationSystemDescription"
				]
			}						
		}
    }
}