{
	"$schema": "http://json-schema.org/draft-04/schema#",
    "description": "This API is the response to the request for Dun & Bradstreet to return information from the iResearch database on one of the following:  (1) a research request and all of its cases (one or more), (2) a particular case (i.e., a particular Subject Research entry in the database), or (3) the one (or possibly more) request(s) pertaining to the requester's own request key.  While the researchRequestId, subjectResearchId, and requestorOwnRequestKey are all optional, at least one of them must be populated to have a valid request.  The returned data identifies the request(s), the one or more cases for each request, and for each case, whatever of the following data happens to be available at the time the request was made:  identification of the subject organization, its current external status code, the case's research sub types and the respective resolution and sub resolution for each research sub type, submitted data, the research results, and any comments that can be shared with the requester/submitter.  It is possible that a warning can also be returned or that instead of what's already been listed here, that an error is returned (e.g., the requested information was not found).",

    "type":  "object",
	"additionalProperties": false,
    "properties": 
    {
		"rejectionInformation": {
			"description": "A json object identifying the business that the requester believes either has acquired the subject organization or merged with the subject organization.",
			"$ref": "iResearchRequestRejectionLayout.json"
		},	
		"researchRequestId": {
			"description": "A number that uniquely identifies the iResearch request.",
			"type": "integer",
			"minimum": 10000,
			"maximum": 999999999
		},
		"requestorOwnRequestKey": {
			"description": "A number or text string provided by the requester identifying how this request is known in their system. This is passthrough data that is not used by D&B for conducting research and is instead available for retrieving data and is returned with the D&B resolution so the requester can put the returned information in the proper context, i.e., how the request is known at their location.",
			"type": "string",
			"maxLength": 32
		},
        "requestorOwnRequestDescription": {
        	"description": "Text supplied by the requester describing the request for their own use, from their own perspective. It is pass through data that is returned to the requester along with the D&B resolution; it has no bearing on the processing done by D&B and might not be meaningful to anyone other than the requester.",
        	"type": "string",
        	"maxLength": 640
		},	
        "customerReferenceName": {
            "description": "Text optionally supplied by the requester describing the customer on whom they submitted the request on behalf of, for their own use, from their own perspective. May contain a user id, email address, or any other sort of key useful to the requester. It is pass through data that is returned to the requester along with the D&B resolution; it has no bearing on the processing done by D&B and might not be meaningful to anyone other than the requester.",
            "type": "string",
            "maxLength": 256
        },
        "requestorPreferredLanguageCode": {
            "description": "A code specifying in which language the requestor wants the downstream system to iResearch to be updated, e.g., French, Spanish. Clarification Note:  this can be set to any of the code values in code table SCoTS Code Table 3 [Language].",
            "type": "integer",
            "maximum": 9999999
        },
        "priority": {
            "description": "A code specifying the priority of the investigation. Clarification Note: this can be set to any of the code values in code table SCoTS Code Table 154 [Investigation Priority Code].",
            "type": "integer",
            "maximum": 9999999
        },
		"externalInvestigationId": {
			"description": "A number or text provided by the requestor representing an expertnal investigation. This is passthrough data that is not used by D&B for conducting research.",
			"type": "string",
			"maxLength": 32
		},
		"submissionTimestamp": {
			"description": "The date and time when this research request was received by iResearch.  Clarification Notes:  (1)  the expected format is per ISO 8601 and (2)  it is recorded in UTC.",
			"type": "string",
			"maxLength": 29,
			"pattern": "^[0-9]{4}-[0-1]{1}[0-9]{1}-[0-3]{1}[0-9]{1}T[0-2]{1}[0-9]{1}:[0-5]{1}[0-9]{1}:[0-5]{1}[0-9]{1}[.]{1}[0-9]{3}[+|-]{1}[0-2]{1}[0-9]{1}:[0-5]{1}[0-9]{1}",
			"format": "date-time"
		},
		"researchExternalStatusCode": {
			"description": "A code specifying the current status of this request, e.g., received, in progress, closed.  If a request has multiple cases, then as soon as research begins on one of the cases (Subject Research entries) the status here will change from 'received' to 'in progress'.  The status reported here is not changed to 'closed' until all cases belonging to this request have been closed.  Clarification Note:  the possible status values that are communicated with requesters are a more limited set, with more general meanings, than those that are used internally by researchers (the Research Internal Status Code). These codes come from SCoTS code table 764 (iResearch External Status).",
			"type": "integer",
			"maximum": 9999999
		},
		"externalStatusTimestamp": {
			"description": "The date and time when the researchExternalStatusCode value for this request was last updated.",
				"type": "string",
				"maxLength": 29,
				"pattern": "^[0-9]{4}-[0-1]{1}[0-9]{1}-[0-3]{1}[0-9]{1}T[0-2]{1}[0-9]{1}:[0-5]{1}[0-9]{1}:[0-5]{1}[0-9]{1}[.]{1}[0-9]{3}[+|-]{1}[0-2]{1}[0-9]{1}:[0-5]{1}[0-9]{1}",
				"format": "date-time"
		},
		"loginKey": {
			"description": "Text provided by the research submitter when making this request to uniquely identify themself (in the case of a person) or itself (in the case of a system) to the iResearch UI or the product system (e.g., D&B Direct+) for authentication, where this string might be, as some examples, a client identifier or an email address.",
			"type": "string",
			"maxLength": 256
		},
		"userEmailAddress": {
			"description": "Text identifying the destination 'mail' address for electronically reaching the submitter of the request over the internet.  Please note that the email address could potentially be a 'No-Reply' address, particularly if it belongs to a system rather than a person.  It is expected that the domain (e.g., '@dnb.com') will be included in this address.",
			"type": "string",
			"maxLength": 256,
			"format": "email"
		},
		"userFirstName": {
			"description": "Text specifying the given name of the person who submitted this request for research to be performed.",
			"type": "string",
			"maxLength": 64
		},
		"userLastName": {
			"description": "Text specifying the surname of the person who submitted this request for research to be performed.",
			"type": "string",
			"maxLength": 64
		},
		"requestorOrganizationName": {
			"description": "Text specifying the name of the organization either where the submitter works or whose external system is making this request).  ",
			"type": "string",
			"maxLength": 240
		},
		"researchCases":{
			"type": "array",
			"minItems": 1,
			"items": {
				"type": "object",
				"additionalProperties": false,
				"properties": {
					"subjectResearchId": {
						"description": "A number that uniquely identifies this iResearch subject research ('case').",
						"type": "integer",
						"minimum": 20000,
						"maximum": 999999999
					},
					"basicSubjectOrganizationIdentification": {
						"description": "A json object identifying the organization that is the focus of this research, with properties like its D-U-N-S Number (optional), name, and high level address information (town, territory, and country).  This will be D&B information, when the organization already exists in D&B's business files.  If the organization is unknown to D&B, these properties will be populated with values that had come from the requester of the research.",
						"$ref": "iResearchBasicSubjectIdentificationLayout.json"
					},
					"researchExternalStatusCode": {
						"description": "A code specifying the current status of this research case, e.g., received, in progress, closed. Clarification Note:  the possible status values that are communicated with requesters are a more limited set, with more general meanings, than those that are used internally by researchers (the Research Internal Status Code). These codes come from SCoTS code table 764 (iResearch External Status).",
						"type": "integer",
						"maximum": 9999999
					},
					"externalStatusTimestamp": {
						"description": "The date and time when the researchExternalStatusCode value for this case was last updated.",
							"type": "string",
							"maxLength": 29,
							"pattern": "^[0-9]{4}-[0-1]{1}[0-9]{1}-[0-3]{1}[0-9]{1}T[0-2]{1}[0-9]{1}:[0-5]{1}[0-9]{1}:[0-5]{1}[0-9]{1}[.]{1}[0-9]{3}[+|-]{1}[0-2]{1}[0-9]{1}:[0-5]{1}[0-9]{1}",
							"format": "date-time"
					},
					"researchTypes": {
						"description": "Research Type identifies all the research (down to the sub-type level) that is to be conducted on the subject as per this document, where there will be an entry in the array for each type of research (i.e., the unique research type/research sub-type combination).  It also records the resolution code, and possibly the sub-resolution code, for each research type once the research is concluded.  Refer to the iResearch subjectResearch sample json document for an illustration of this array.  Clarification Note:  the research types may vary by subject in a batch request.",
						"type": "array",
						"minItems": 1,
						"items": {
							"$ref": "iResearchResearchTypeLayout.json",
							"required": [
								"researchTypeCode", "researchSubTypeCode"
							]
						}
					},
					"submittedData": {
						"description": "A collection of all the data that was provided by the requester concerning the organization of interest with regard to this subject research.  Design Note:  the properties and objects (arrays) inside this 'submittedData' object should not need to be prefixed with the word 'submitted', but an exception had to be made for the following two arrays to differentiate them from like-named arrays in the iResearchResearchResultLayout schema, that are defined with a different set of properties, to prevent the problem the duplicate array names were causing when they were imported into java:  submittedDuplicateDunsNumbers and submittedRelatedOrganizations.",
						"type": "object",
						"additionalProperties": false,
						"$ref": "iResearchSubmittedDataLayout.json"
					},
					"researchResults": {
						"description": "A collection of data elements and their values, as determined by the research that was performed on the subject organization, where all the properties defined here can be shared with anyone:  requesters, submitters, researchers, team leaders, local administrators.",
						"$ref": "iResearchSharedResearchResultLayout.json"
					},
                    "isChallengeable": {
                        "description": "When this indicator is turned ON (set to true) it means that this case is challengable.",
                        "type": "boolean"
                    },
                    "dueDate": {
                        "description": "The due date/time of current case. This field will be filled in only for limited users.",
                        "type": "string",
                        "maxLength": 10,
                        "format": "date-time"
                    },
                    "challengeDueDate":{
                        "description": "The date by which this challenge is expected to be resolved. This field will be filled in only for limited users.",
                        "type": "string",
                        "maxLength": 10,
                        "format": "date-time"
                    },
                    "researchChallenges": {
                        "description": "This array provides basic information on each challenge that's been raised for the case, e.g., when it was opened, why it was opened.",
                        "type": "array",
                        "items": {
                            "$ref": "iResearchResearchChallengeLayout.json",
                            "required": [
                                "challengeOpenedTimestamp",
                                "challengeReasonCode"
                            ]
                        }
                    },
                    "previousResearches": {
                        "description": "This array identifies one or two earlier iterations of the research in case the research was challenged. The first element of the array will always be the original investigation, and subsequent elements cover each challenge in the order it was performed.",
                        "type": "array",
                        "items": {
                            "type": "object",
                            "javaType": "com.dnb.irsch.bom.PreviousResearch",
                            "properties": {
                                "researchResults": {
                                    "description": "A collection of data elements and their values, as determined by the research that was performed on the subject organization in this iteration, where all the properties defined here can be shared with anyone:  requesters, submitters, researchers, team leaders, local administrators.",
                                    "$ref": "iResearchSharedResearchResultLayout.json"
                                },
                                "researchTypes": {
                                    "description": "Identifies all the research (down to the sub-type level) that was conducted on the subject in this iteration of the research (e.g., the original research), where there will be an entry in the array for each type of research (i.e., the unique research type/research sub-type combination).  It also records the resolution code, and possibly the sub-resolution code, for each research type once the research is concluded.  Refer to the iResearch subjectResearch sample json document for an illustration of this array.  Clarification Note:  the research types may vary by subject in a batch request.",
                                    "type": "array",
                                    "minItems": 1,
                                    "items": {
                                        "$ref": "iResearchResearchTypeLayout.json",
                                        "required": [
                                            "researchTypeCode", "researchSubTypeCode","resolutionCode","subResolutionCode", "resolutionTimestamp"
                                        ]
                                    }   
                                }
                            }
                        }
                    },
					"researchComments": {
						"description": "An array of one or more remarks entered to further explain the request.  Please note:  if an empty array is provided, it is accepted without any issue.",
						"type": "array",
						"items": {
							"type": "object",
							"additionalProperties": false,
							"javaType": "com.dnb.irsch.bom.ResearchComment",
							"properties": {
								"commentTypeCode": {
									"description": "A code specifying the nature of this research comment.  Here are possible examples:  (1) Research Requester Comment, (2) Financial Figures Comment, (3) Financial Ratios Comment.  The possible values are recorded in SCoTS Code Table 761 [ iResearch Comment].",
									"type": "integer",
									"maximum": 9999999	
								},
								"researchComment": {
									"description": "Text entered by a requestor, a submitter on behalf of a requestor, or a researcher with information pertinent to conducting the research or reporting on its results.  As some examples, it may be an explanation for a challenge, information on what the data should be instead, a message that the data change cannot be seen, or a resolution comment.",
									"type": "string",
									"maxLength": 4000
								}
							},
							"required": [
								"commentTypeCode",
								"researchComment"
							]
						}
					},
                    "attachments": {
                        "description": "This array records information on all of the stored files that are relevant to this research request.  It includes information such as the location of each file in Amazon's Simple Storage Service (Amazon S3), inside the Amazon Web Services (AWS) cloud, the actual link (url) to the file, the type of attachment, the identity of who was responsible for storing the file, as well as other useful information.",
                        "type": "array",
                        "items": {
                            "$ref": "iResearchAttachmentLinkLayout.json"
                        }
                    }
				}
			}
		}
    }
}
