{
	"$schema": "http://json-schema.org/draft-04/schema#",
	"description": "This schema records processing information about a single researcher working a mini-linkage or global ultimate linkage case in iResearch.",
	"type": "object",
	"additionalProperties": false,
	"javaType": "com.dnb.irsch.bom.LinkageResearcher",
	"properties": {
		"linkageNodeIds": {
			"description": "A list of Linkage nodeIds worked on by this researcher, not including the parent of the highest linkage. Each node listed in this array should exist in the LinkageNodes array (unless it was subsequently deleted by another researcher).",
			"type": "array",
			"items": {
				"description": "A UUID (universally unique identifier) that uniquely identifies the associated LinkageNode. example:89D9FCB7DDD6484EA885A06090AB1DFF",
				"type": "string"
			}
		},
		"parentDuns": {
			"description": "The Dun & Bradstreet proprietary number assigned in accordance with the Data Universal Numbering System that uniquely identifies the immediate parent organization that is outside the country this researcher investigated.",
			"type": "string",
			"maxLength": 11
		},
		"parentOrganizationName": {
			"description": "Text specifying the name of the organization.",
			"type": "string",
			"maxLength": 240
		},
		"parentCountryCode": {
			"description": "The ISO 2-alpha code specifying the country where the immediate parent organization is located.",
			"type": "string",
			"minLength": 2,
			"maxLength": 2
		},
		"qualityCheckUserId": {
			"description": "The unique identifyier of the research user that quality checked this part of the linkage research.",
			"type": "integer",
			"maximum": 9999999
		},
		"qualityCheckResearchUser": {
            "description": "The embedded json schema records details describing the qualityCheckUser, such as the person's name, email address, and whether this person is currently an active user.",
            "$ref": "iResearchResearchUserLayout.json"
		},
		"qualityCheckCommentId": {
			"description": "The investigation instruction comment identifier entered by the Quality Check team researcher as an instruction to the researcher.",
			"type": "integer",
			"maximum": 999999999
		},
		"qualityCheckApprovalIndicator": {
            "description": "Set to true when the QC approves this researcher's work, set to false when the QC rejects this researcher's work, or left null if neither has occurred yet.",
			"type": "boolean"
		},
		"qualityCheckApprovalTimestamp": {
			"description": "The date and time when the QC last approved or rejected this research.  Clarification Notes: (1) if the Resolution Code is populated then this attribute must also be populated, (2) the expected format is per ISO 8601, and (3) the value here is set by the iResearch application service.",
			"type": "string",
			"maxLength": 29,
			"pattern": "^[0-9]{4}-[0-1]{1}[0-9]{1}-[0-3]{1}[0-9]{1}T[0-2]{1}[0-9]{1}:[0-5]{1}[0-9]{1}:[0-5]{1}[0-9]{1}[.]{1}[0-9]{3}[+|-]{1}[0-2]{1}[0-9]{1}:[0-5]{1}[0-9]{1}",
			"format": "date-time"
		}
	}
}