{
	"$schema": "http://json-schema.org/draft-04/schema#",
	"description": "This schema records a research type, a research sub-type, and once the research has been completed, the resolution code and possibly a resolution sub-code for explaining how the identified research was concluded, as well as when the resolution codes were set.  It is presumed that whoever was responsible for closing the Subject Research is also the person who set the resolution codes. This schema typically does not represent a standalone document, but rather is embedded in (referenced by) another schema, where it will often be defined as an array where the data content described by this schema will be one entry in that array.  Note regarding the 'javaType' keyword:  specifying this name controls the naming of generated Java source code so it conforms to Java packaging and naming standards.  In addition, this keyword was necessary to naming the json schema in accordance with the new DA naming standard without impacting the application code that's already been written.  As for the components of the javaType name, 'com' stands for company, 'dnb' for D&B, 'irsch' for iResearch, 'bom' for Busines Object Model, and it ends with the schema name used in the java code.",
	"type": "object",
	"additionalProperties": false,
	"javaType": "com.dnb.irsch.bom.ResearchType",
	"properties": {
		"researchTypeCode": {
			"description": "A code identifying the information that needs to be researched for the subject, e.g., Enhanced Elements, Financial Information, History, Public Records, Super 7 Elements.  This information will be more precisely identified by the Research Sub-Type Code. For instance, the code here may be for 'Super 7 Elements', while the researchSubTypeCode will be for the 'Address'.  Clarification Notes:  if a Research Type has N Sub-Types associated with it, then a Research Subject can have as many as N entries here for that Research Type (i.e., one for each Sub-Type). The possible codes for this attribute are recorded in SCoTS table 759 [Research Type].",
			"type": "integer",
			"maximum":  9999999
		},
		"researchSubTypeCode": {
			"description": "A code specifying more precisely what information is to be researched.  For example, if the Research Type Code is for 'Public Records' then the available choices are:  Bankruptcy, Corporate Details/Business Registration, Judgement, Lien, Suit, UCC/Security.  Clarification Note:  each Research Type Code / Research Sub-Type Code combination for a subject request will be recorded with its own entry in this array.  The possible codes for this attribute are recorded in SCoTS table 760 [Research Sub-Type].",
			"type": "integer",
			"maximum": 9999999
		},
		"isAddedByResearcher": {
			"description": "When turned ON (set to true) it means that the researcher was responsible for adding the Research Type and Research Sub Type combination specified here, not the requester.  This happens when the researcher determines that the research that actually needs to be conducted is not the same as what the requester had indicated.  For example, if the requested research was regarding a business name change and the researcher found that a merger/acquisition had accounted for the name change, then the business name research sub-type will be cancelled with the Sub Resolution that the 'Research sub-type is not applicable' and this entry will specify the new M&A research added by the researcher.  Clarification Note:  there is no false setting; if the request type and sub type identified in this entry had come from the requester, then this property will be absent.",
			"type": "boolean"
		},
		"resolutionCode": {
			"description": "A code specifying what the outcome of the research activity was, e.g., data was changed or added, update or change was not made because data was correct, no updates were made because requested change could not be verified.  The possible codes for this attribute are recorded in SCoTS table 772 [iResearch Resolution].",
			"type": "integer",
			"maximum": 9999999
		},
		"subResolutionCode": {
			"description": "A code that provides more information on the outcome of the research activity than provided in the Resolution Code.  The possible codes for this attribute are recorded in SCoTS table 773 [iResearch Sub Resolution].",
			"type": "integer",
			"maximum": 9999999
		},
		"resolutionTimestamp": {
			"description": "The date and time when the outcome of this research sub-type was recorded.   Clarification Notes:  (1)  if the Resolution Code is populated then this attribute must also be populated, (2)  the expected format is per ISO 8601, and (3)  the value here is set by the iResearch application service.",
			"type": "string",
			"maxLength": 29,
			"pattern": "^[0-9]{4}-[0-1]{1}[0-9]{1}-[0-3]{1}[0-9]{1}T[0-2]{1}[0-9]{1}:[0-5]{1}[0-9]{1}:[0-5]{1}[0-9]{1}[.]{1}[0-9]{3}[+|-]{1}[0-2]{1}[0-9]{1}:[0-5]{1}[0-9]{1}",
			"format": "date-time"
		}
	}	
}
