{
    "$schema": "http://json-schema.org/draft-04/schema#",
    "description": "This schema is for documentation purposes only, describing the parameters that are provided in a GET request for retrieving detailed information on a research request and/or case by the assigned researcher; there is no json document that is ever produced corresponding to this schema.  The iResearch service will verify that the requester has permission to view the requested case.  Please note that criteria in an iResearch retrieval request API are always treated as a series of boolean 'AND' conditions, so all conditions have to be met for any data to be returned.   This means that if both the researchRequestId and the subjectResearchId happen to be provided, that the specified case must belong to the specified request in order to get data returned.",
    "type": "object",
    "additionalProperties": false,
    "properties": {
		"subjectResearchId": {
			"description": "A number that uniquely identifies the iResearch subject research ('case') being inquired upon.",
			"type": "integer",
			"minimum": 20000,
			"maximum": 999999999
        }
    }
}
