{
    "$schema": "http://json-schema.org/draft-04/schema#",
    "description": "This schema records information about an iResearch team.  Note regarding the 'javaType' keyword:  specifying this name controls the naming of generated Java source code so it conforms to Java packaging and naming standards.  In addition, this keyword was necessary to naming the json schema in accordance with the new DA naming standard without impacting the application code that's already been written.  As for the components of the javaType name, 'com' stands for company, 'dnb' for D&B, 'irsch' for iResearch, 'bom' for Busines Object Model, and it ends with the schema name used in the java code.",
    "type": "object",
    "additionalProperties": false,
	"javaType": "com.dnb.irsch.bom.ResearchTeam",
    "properties": {
        "researchTeamId": {
            "description": "The unique identifier of the research team assigned by the iResearch Database Management System (DBMS).",
            "type": "integer",
            "maximum": 9999999
        },
        "researchTeamOrganizationName": {
            "description": "Text specifying the name of the organization to which this team belongs, which might be Dun & Bradstreet, the name of a D&B Worldwide Network partner (e.g., Altares, Bisnode), or the name of a company that is engaged by Dun & Bradstreet to conduct business data research on its behalf (e.g., Convergys).",
            "type": "string",
            "maxLength": 240
        },
        "countryCode": {
            "description": "The ISO 2-character alpha code identifying the country that the team serves.",
            "type": "string",
            "minLength": 2,
            "maxLength": 2
        },
        "researchTeamName": {
            "description": "Text uniquely identifying the name of the research team, where no two teams will ever have the same name.",
            "type": "string",
            "maxLength": 240
        },
        "researchTeamDisplayName": {
            "description": "Text specifying a user-friendly name for the research team, that will be easier to understand, and identify with, than its IDaaS name. This is the name that will be presented in the iResearch UI and in reporting.",
            "type": "string",
            "maxLength": 240
        },
        "modifiedTimestamp": {
            "description": "The date and time when the information regarding the research team was last changed.  Clarification Notes:  (1) unlike other timestamp properties that have been defined as strings, this is defined as a number because it is the internally stored value from the database, e.g., 1556217738, and (2) it is used by the application for 'concurrent update detection', wherein if two (or more) different users create a potential conflict by updating information on the same team at the same time, it will be resolved as follows:  if the value here, provided at the start of the update task, matches the timestamp in the database, it will be processed, but if it does not match the timestamp in the database, then this update will be rejected.",
            "type": "integer",
            "maximum": 9999999999
        },
        "isGetNext": {
            "description": "When this indicator is turned ON (set to true) it means that this team is a GetNext team.",
            "type": "boolean"
        }
    }
}