{
	"$schema": "http://json-schema.org/draft-04/schema#",
	"description": "This schema records information on a subject organization. Data will mostly be populated by D&B firmographics data but can also be populated by submitted data or result data if new duns scenario.",
	"type": "object",
	"additionalProperties": false,
	"properties": {
		"duns": {
			"description": "The Dun & Bradstreet proprietary number assigned in accordance with the Data Universal Numbering System that uniquely identifies this organization.  Clarification Note:  if the D-U-N-S Number is populated, it is not subject to change.  If it turns out that this was not the correct/intended subject, a new request needs to be submitted.  Design Note:  this has been defined as string data to record leading zeros.  The User Interface (UI) will ensure that the string is 9 numeric digits.  The extra 2 characters are in the event the D-U-N-S Number size is ever expanded.",
			"type": "string",
			"maxLength": 11
		},
		"organizationName": {
			"description": "Text specifying the name of the subject to be researched.",
			"type": "string",
			"maxLength": 240
		},
		"countryCode": {
			"description": "The ISO 2-alpha code specifying the country where the subject is located.",
			"type": "string",
			"minLength": 2,
			"maxLength": 2
		},
		"town": {
			"description": "The name of the town or city recognized by the Postal Authority for delivering mail to this address.",
			"type": "string",
			"maxLength": 64
		},
		"county": {
			"description": "The name of the primary administrative division within the territory or country for this address' location.   As some examples, in the U.S. this would be a county within a state, in the UK this would be a county in one of the Home Nations, and in the Republic Of Ireland, this would be a county and there would be no state.",
			"type": "string",
			"maxLength": 64
		},
		"territory": {
			"description": "The name of the locally governed area that forms part of a centrally governed nation, like a province in Canada (e.g., ON, BC), a state in the United States of America (e.g., NJ, NY), or a home country in the United Kingdom (e.g., England, Wales) where this address is located.",
			"type": "string",
			"maxLength": 64
		}
	}
}