{
	"$schema": "http://json-schema.org/draft-04/schema#",
	"description": "This schema records a pre-signed URL generated by the system to allow an attachment to be uploaded to iResearch that has material relevant to the subject organization as supporting documentation for a research request. Each pre-signed URL is usable for only a limited time (currently 15 seconds). For more information on uploading files using pre-signed URLs, see: https://docs.aws.amazon.com/AmazonS3/latest/dev/PresignedUrlUploadObject.html",
	"type": "object",
	"additionalProperties": false,
	"javaType": "com.dnb.irsch.bom.AttachmentLinkSignedUrl",
	"properties": {
        "attachmentName": {
            "description": "Name of the file to be uploaded. This is included as reference to aid the submitter in matching the original file name from the request, to each URL in the response.",
            "type": "string",
            "maxLength": 250
        },
        "url": {
            "description": "Pre-signed URL to use for uploading the attachment.",
            "type": "string",
            "maxLength": 2000
        },
        "fields": {
            "description": "AWS generated fields to be used for uploading the attachment to its pre-signed URL.",
            "type": "object",
            "additionalProperties": true,
            "$ref": "awsSignedUrlFields.json"
        }
	}	
}
