{
	"$schema": "http://json-schema.org/draft-04/schema#",
	"description": "This schema records information on a person who has been recommended as a potential source of information on the subject being researched.  This schema typically does not represent a standalone document, but rather is embedded in (referenced by) another schema, where it will often be defined as an array where the data content described by this schema will be one entry in that array.  Note regarding the 'javaType' keyword:  specifying this name controls the naming of generated Java source code so it conforms to Java packaging and naming standards.  In addition, this keyword was necessary to naming the json schema in accordance with the new DA naming standard without impacting the application code that's already been written.  As for the components of the javaType name, 'com' stands for company, 'dnb' for D&B, 'irsch' for iResearch, 'bom' for Busines Object Model, and it ends with the schema name used in the java code.",
	"type": "object",
	"additionalProperties": false,
	"javaType": "com.dnb.irsch.bom.Contact",
	"properties": {
		"contactName": {
			"description": "The name of the person recommended by the requestor as the one D&B should communicate with at the subject organization for information.",
			"type": "string",
			"maxLength": 240
		},
		"emailAddress": {
			"description": "A requestor-provided text string identifying the 'mail' destination address for reaching the recommended contact at the subject organization by electronic communication over the Internet, e.g., tcook@apple.com.",
			"type": "string",
			"format": "email",
			"maxLength": 256
		},
		"phones": {
			"description": "This array identifies all the phone numbers used by the recommended contact that the requestor provided for reaching that individual for information.",
			"type": "array",
			"maxItems": 1,
			"items": {
				"$ref": "iResearchTelephoneLayout.json",
				"required": [
					"telephone"
				]
			}
		}
	}
}
