{
	"$schema": "http://json-schema.org/draft-04/schema#",
	"description": "This schema records information on a subject organization for which the requester wants research to be conducted.  This schema represents a single organization, but this schema can be incorporated in another schema as an array, and in that manner can cover multiple organizations.  It has a parent schema named iResearch Research Request.  A research request can have more than one subjectResearch document for an organization because the research is broken up into multiple entries if it needs to go to multiple teams based on the research types that were requested.  For example, if the research requested on organization X, which is located in the US, is for trade data and public records data, there will be a document for each, because each needs to go to a different research team.  Note regarding the 'javaType' keyword:  specifying this name controls the naming of generated Java source code so it conforms to Java packaging and naming standards.  In addition, this keyword was necessary to naming the json schema in accordance with the new DA naming standard without impacting the application code that's already been written.  As for the components of the javaType name, 'com' stands for company, 'dnb' for D&B, 'irsch' for iResearch, 'bom' for Busines Object Model, and it ends with the schema name used in the java code.",
	"type": "object",
	"additionalProperties": false,
	"javaType": "com.dnb.irsch.bom.PartnerSubjectResearch",
	"properties": {
		"subjectResearchId": {
			"description": "A number that uniquely identifies this iResearch subject research ('case').",
			"type": "integer",
			"minimum": 20000,
			"maximum": 999999999
		},
		"researchTypes": {
			"description": "Research Type identifies all the research (down to the sub-type level) that is to be conducted on the subject as per this document, where there will be an entry in the array for each type of research (i.e., the unique research type/research sub-type combination).  It also records the resolution code, and possibly the sub-resolution code, for each research type once the research is concluded.  Refer to the iResearch subjectResearch sample json document for an illustration of this array.  Clarification Note:  the research types may vary by subject in a batch request.",
			"type": "array",
			"minItems": 1,
			"items": {
				"$ref": "iResearchResearchTypeLayout.json",
				"required": [
					"researchTypeCode", "researchSubTypeCode"
				]
			}
		},
        "summarizedSubmittedData": {
        	"description": "A collection of some of the data that was provided by the requester concerning the organization of interest with regard to this subject research.",
            "type": "object",
            "additionalProperties": false,
            "javaType": "com.dnb.irsch.bom.SummarizedSubmittedData",
            "properties": {
                "duns": {
                    "description": "The Dun & Bradstreet proprietary number assigned in accordance with the Data Universal Numbering System that uniquely identifies this organization.  Clarification Note:  if the D-U-N-S Number is populated, it is not subject to change.  If it turns out that this was not the correct/intended subject, a new request needs to be submitted.  Design Note:  this has been defined as string data to record leading zeros.  Currently, it is expected to be a 9-digit string.  The extra 2 characters are in the event the D-U-N-S Number size is ever expanded.",
                    "type": "string",
                    "maxLength": 11
                },
                "organizationName": {
                    "description": "Text specifying the name of the subject to be researched.",
                    "type": "string",
                    "maxLength": 240
                },
                "countryCode": {
                    "description": "The ISO 2-alpha code specifying the country where the subject is located.",
                    "type": "string",
                    "minLength": 2,
                    "maxLength": 2
                }
            }
        },
        "researchTeamName": {
            "description": "Text uniquely identifying the name of the research team the research team currently assigned to work on this subject research (case).",
            "type": "string",
            "maxLength": 240
        },
		"researchInternalStatusCode": {
			"description": "A code that provides meaningful information to the D&B staff (including third party vendors hired by D&B such as Convergys and Cybersoft) on the current processing state of the research being conducted on the subject as of the Status Timestamp.  Here are some possible statuses:  Assigned, Threshold Exceeded, Callback AM, Rerouted.  Clarification Note:  the Research External Status Code, which is communicated to the requester, is typically much more general than the one recorded here.  These codes come from SCoTS code table 763 (iResearch Internal Status).",
			"type": "integer",
			"maximum": 9999999
		},
		"statusTimestamp": {
			"description": "The date and time when the researchInternalStatusCode was last set (changed).  Clarification Notes:  (1)  the expected format is YYYY-MM-DDThh:mm:ss.sss±hh:mm, as per ISO 8601 and (2)  the value here is set by the iResearch application service.",
			"type": "string",
			"format": "date-time",
			"maxLength": 29,
			"pattern": "^[0-9]{4}-[0-1]{1}[0-9]{1}-[0-3]{1}[0-9]{1}T[0-2]{1}[0-9]{1}:[0-5]{1}[0-9]{1}:[0-5]{1}[0-9]{1}[.]{1}[0-9]{3}[+|-]{1}[0-2]{1}[0-9]{1}:[0-5]{1}[0-9]{1}"
		},
		"submissionTimestamp": {
			"description": "The date and time when this Subject Research was created in the iResearch database.  Clarification Notes:  (1)  the expected format is per ISO 8601 and (2)  the value here is set by the iResearch application service.  Design Note:  the name should be changed to at some point to subjectResearchCreationTimestamp so it is not misleading.",
			"type": "string",
			"maxLength": 29,
			"pattern": "^[0-9]{4}-[0-1]{1}[0-9]{1}-[0-3]{1}[0-9]{1}T[0-2]{1}[0-9]{1}:[0-5]{1}[0-9]{1}:[0-5]{1}[0-9]{1}[.]{1}[0-9]{3}[+|-]{1}[0-2]{1}[0-9]{1}:[0-5]{1}[0-9]{1}",
			"format": "date-time"
		},
        "basicSubjectOrganizationIdentification": {
            "description": "A json object identifying the organization that is the focus of this research, with properties like its D-U-N-S Number (optional), name, and high level address information (town, territory, and country).  This will be D&B information, when the organization already exists in D&B's business files.  If the organization is unknown to D&B, these properties will be populated with values that had come from the requester of the research.",
            "$ref": "iResearchBasicSubjectIdentificationLayout.json"
        }
	},
	"required": [
		"subjectResearchId", "researchInternalStatusCode", "statusTimestamp","submissionTimestamp"
	]
}