{
    "$schema": "http://json-schema.org/draft-04/schema#",
    "description": "A schema recording information on a person (or team) who is be informed of the research and any important status changes in the research (e.g., it was closed).  This contact is assumed to have 'opted in' to getting at least some notification emails.  Note regarding the 'javaType' keyword:  specifying this name controls the naming of generated Java source code so it conforms to Java packaging and naming standards.  In addition, this keyword was necessary to naming the json schema in accordance with the new DA naming standard without impacting the application code that's already been written.  As for the components of the javaType name, 'com' stands for company, 'dnb' for D&B, 'irsch' for iResearch, 'bom' for Busines Object Model, and it ends with the schema name used in the java code.",
    "type": "object",
    "additionalProperties": false,
    "javaType": "com.dnb.irsch.bom.NotificationContact",
    "properties": {
		"emailAddress": {
		"description": "Text identifying the destination 'mail' address for reaching the person (or team) over the Internet who is to receive email notifications with regard to this request.  It is expected that the domain (e.g., '@dnb.com') will be included in this address.",
		"type": "string",
		"maxLength": 256,
		"format": "email"
		},
		"contactOrganizationRoleCode": {
			"description": "A code specifying what role the contact's organization is playing with respect to this research request, e.g., the requester, the submitter, the third party.  Clarification Notes:  (1) an organization is termed as being an iResearch 'third party' when the contact's organization has an indirect, passive, or peripheral role with regard to the research (as opposed to a primary role like a research submitter), but there's some special context that qualifies it for getting notifications regarding the research.   The term is often applied when the organization is the actual research subject under the specific circumstance where the request was submitted on its behalf by a D&B customer to provide the third party with a business opportunity.  This situation could occur, for instance, when a software company requires that an application developer get a D-U-N-S Number for their business in order to establish a business relationship.  The software company will submit the request and this contact (i.e., the application developer) will receive email notifications regarding this research request.  This will enable the third party to be informed as to what D-U-N-S Number was assigned to them at the conclusion of the research and (2) the SCoTS code recorded here comes from Code Table 456 [Role Player Type].",
			"type": "integer",
			"maximum": 9999999
		}
	},
	"required": [
		"emailAddress",
		"contactOrganizationRoleCode"
	]
}