{
	"$schema": "http://json-schema.org/draft-04/schema#",
	"description": "This schema records the results of the research performed on the subject organization (i.e., 'the case') with regard to changes or corrections made to its attributes, such as its address and annual sales figure.  Note regarding the 'javaType' keyword:  specifying this name controls the naming of generated Java source code so it conforms to Java packaging and naming standards.  In addition, this keyword was necessary to naming the json schema in accordance with the new DA naming standard without impacting the application code that's already been written.  As for the components of the javaType name, 'com' stands for company, 'dnb' for D&B, 'irsch' for iResearch, 'bom' for Busines Object Model, and it ends with the schema name used in the java code.",
	"type": "object",
	"additionalProperties": false,
	"javaType": "com.dnb.irsch.bom.ResearchResult",
	"properties": {
		"subjectResearchId": {
			"description": "Uniquely identifies this iResearch subject research. It is an auto-generated integer id. Not applicable for UpdateAndCloseApi.",
			"type": "integer",
			"minimum": 20000,
            		"maximum": 999999999
		},
		"duns": {
			"description": "The Dun & Bradstreet proprietary number assigned in accordance with the Data Universal Numbering System that uniquely identifies this organization.  Clarification Note:  if the D-U-N-S Number is populated, it is not subject to change.  If it turns out that this was not the correct/intended subject, a new request needs to be submitted.  Design Note:  this has been defined as string data to record leading zeros.  The User Interface (UI) will ensure that the string is 9 numeric digits.  The extra 2 characters are in the event the D-U-N-S Number size is ever expanded.",
			"type": "string",
			"maxLength": 11
		},
		"isChangedDuns": {
			"description": "When turned ON (set to true) it means that the researcher has determined that the subject's D-U-N-S Number is different from the one that the submitter had entered or selected as the research subject for this case.  When turned OFF (set to false) it means that the researcher has determined that the subject's D-U-N-S Number is identical to the one that the submitter had entered or selected as the research subject for this case.",
			"type": ["boolean","null"]
		},
		"organizationName": {
			"description": "Text specifying the name of the subject to be researched.",
			"type": "string",
			"maxLength": 240
		},
		"countryCode": {
			"description": "The ISO 2-alpha code specifying the country where the subject is located.",
			"type": "string",
			"minLength": 2,
			"maxLength": 2
		},
		"businessRegistrationNumber": {
			"description": "A number assigned by an external body (e.g., a government agency like Companies House in the United Kingdom) that either uniquely identifies or helps to identify this organization. The source of this number can be inferred from the Registration Number Location Description.  Clarification Notes:  1. there had been plans at one point to have a Registration Number Type Code attribute too, to identify which type of Registration Number is recorded here, but it was considered as unnecessary because the business partners felt that it would be whatever the commonly used business registration number for the country is and that the researcher would not be updating things such as Tax Identifiers or Chamber of Commerce Numbers.  In contrast, for the submitted data, the researcher will want to know which registration number the requester is providing, and so there is a text attribute for entering its description and 2. the number here is not expected to be unique across different registration number types.",
			"type": "string",
			"maxLength": 32
		},
		"businessRegistrationNumberClassCode": {
			"description": "A code selected by the researcher to identify in general terms what sort of value has been entered in the Business Registration Number attribute, e.g., National Business Registration Number, Chamber of Commerce Number, Fiscal / Tax Registration Number.  It is only specified when the researcher has provided a registration number.  Design Note:  there are too many Registration Number Types listed in SCoTS (SCoTS Code Table 7) to make a drop down menu of registration number types practical for the researcher (note:  even if the list is filtered by country, there are also Registration Number Types that are not associated with any particular country, which would still result in a long drop down list), so SCoTS Code table 72 [Registration Number Class] is used instead.",
			"type": "integer",
			"maximum": 9999999
		},
		"businessRegistrationNumberLocationDescription": {
			"description": "Text specifying the geographic location where the Registration Number was assigned and recorded to confer uniqueness on the number.  This text likely specifies a country name, though values like a state name in the U.S. or a province name in Canada cannot be ruled out.  It is only specified when the researcher has provided a registration number.",
			"type": "string",
			"maxLength": 240
		},
		"tradeStyleName": {
			"description": "Text recording a name, other than the primary business name, that the subject uses when conducting business. This is alternatively known as the 'doing business as' ('DBA') name and the 'also known as' name.  For example, the Trade Style Name for 'International Business Machines' is 'IBM'.",
			"type": "string",
			"maxLength": 240
		},
		"tradeStyleName2": {
			"description": "Text recording a second name, other than the primary business name, that the organization uses when conducting business. This is alternatively known as the 'doing business as' ('DBA') name and the 'also known as' name.  For example, the Trade Style Name for 'International Business Machines' is 'IBM'.",
			"type": "string",
			"maxLength": 240
		},
		"tradeStyleName3": {
			"description": "Text recording a third name, other than the primary business name, that the organization uses when conducting business. This is alternatively known as the 'doing business as' ('DBA') name and the 'also known as' name.  For example, the Trade Style Name for 'International Business Machines' is 'IBM'.",
			"type": "string",
			"maxLength": 240
		},
		"primaryIndustryCode": {
			"description": "A code identifying the primary activity engaged in by the subject, e.g., 2335 - the SIC for manufacturing women's dresses, 5621 - the SIC for women's clothing store.  When this attribute is populated, the Industry Coding Scheme Code must also be populated so the correct meaning of the code can be determined.  Clarification Note:  this is expected to be mutually exclusive with the Primary Industry Description, meaning if there is a value here, the Primary Industry Description will be NULL (absent), but it cannot be ruled out that both may be populated when the data is provided through a customer's API.",
			"type": "string",
			"maxLength": 16
		},
		"industryCodeTypeCode": {
			"description": "A code identifying what industry coding scheme was used for the value recorded in Submitted Primary Industry Code, e.g., US Standard Industry Code 1987 (the 4-digit US 1987 Standard Industrial Classification (SIC)), European Union's Nomenclature statistique des activités économiques dans la Communauté européenne (NACE), North American Industry Classification System (NAICS).  The value recorded here comes from SCoTS Table 30 [Industry Code Types]. Only some of the values in that code table may be valid here; check the system applicability in SCoTS for which are possible.",
			"type": "integer",
			"maximum": 9999999
		},
		"url": {
			"description": "The internet address, including the domain, for locating the subject on the Worldwide Web.  This will typically be to the homepage of the subject.  Clarification Note:  these internet addresses are not standardized. For example, it may or may not include a protocol (e.g., http, https) or 'www'.",
			"type": "string",
			"maxLength": 240
		},
        "linkedinUrl": {
            "description": "The subject's LinkedIn internet address.  Clarification Note:  these internet addresses are not standardized. For example, it may or may not include a protocol (e.g., http, https) or 'www'.",
            "type": "string",
            "maxLength": 240
        },
        "twitterUrl": {
            "description": "The subject's Twitter internet address.  Clarification Note:  these internet addresses are not standardized. For example, it may or may not include a protocol (e.g., http, https) or 'www'.",
            "type": "string",
            "maxLength": 240
        },
        "facebookUrl": {
            "description": "The subject's Facebook internet address.  Clarification Note:  these internet addresses are not standardized. For example, it may or may not include a protocol (e.g., http, https) or 'www'.",
            "type": "string",
            "maxLength": 240
        },
		"salesAmount": {
			"description": "A monetary figure specifying the annual revenue from the products and services sold by the subject organization after returns, allowances, and discounts have been deducted.  Please note that the reported sales figure may not be an actual amount; for example, it could be the low end of a sales range or it could be estimated.",
			"type": "number"
		},
		"currencyCode": {
			"description": "The 3-character ISO Standard 4217 code identifying in which currency the monetary figures in this entity (e.g., Annual Sales Amount) are expressed, e.g., GBP (for Pound Sterling), USD (for United States Dollar), EUR (for Euro).",
			"type": "string",
			"minLength": 3,
			"maxLength": 3
		},
		"numberOfEmployees": {
			"description": "A number specifying how many people are employed by the subject organization, which will typically include for a business all of the employees at the organization's physical address plus all the people employed at its branches and subsidiaries, as many levels down in the family tree as needed to count them all, or, in the case of a branch, the number of employees at the organization's physical address.",
			"type": "integer"
		},
		"startYear": {
			"description": "The year when the subject organization first started operating.",
			"type": "integer",
			"minLength": 4,
			"maxLength": 4
		},
		"controlDate": {
			"description": "The year and month when the subject organization's ownership last changed.  Clarification Note:  the expected format is per ISO 8601.",
			"type": "string",
			"minLength": 7,
			"maxLength": 7,
			"pattern": "^[0-9]{4}-[0-1]{1}[0-9]{1}$"
		},
		"legalFormDescription": {
			"description": "Text specifying the legal structure of the subject organization that was registered with the appropriate government agency, e.g., corporation, partnership, proprietorship, non-profit organization, joint venture.  Clarification Note:  it was decided that it would not be practical to have the Requestor select the legal form from a list because there are too many (more than 3,500).  Even if the list is restricted to a country, there could be a few dozen legal forms in the list.  In addition, there are about 50 legal forms in SCoTS that are not country specific.",
			"type": "string",
			"maxLength": 240
		},
		"chiefExecutiveOfficerName": {
			"description": "The name of the Chief Executive Officer or the highest ranking principal at the subject organization.   Please note, in the case where the subject organization is a branch, this will likely be the branch manager, and where the subject organization is a subsidiary, it will be the highest ranking individual at the subsidiary's location.",
			"type": "string",
			"maxLength": 240
		},
		"chiefExecutiveOfficerJobTitle": {
			"description": "Text specifying the title of the highest ranking principal at the subject organization, e.g., Chief Executive Officer (CEO), Owner, Member.  Clarification Note:  if the Chief Executive Officer Name is provided, then the value for this attribute must be provided as well.",
			"type": "string",
			"maxLength": 192
		},
		"isActiveBusiness": {
			"description": "When turned ON (set to true), it means that the researcher had determined that this is an active organization (e.g., an actively trading business, an operational government office).  When turned OFF (set to false), it means that the researcher had determined that this is an inactive organization (e.g., out of business).",
			"type": "boolean"
		},
		"dnbRating": {
			"description": "The D&B Rating for the research subject determined by the researcher.  For organizations in the United States, this rating consists of 2 parts, the Financial Strength Indicator and the Composite Credit Appraisal. The Financial Strength Indicator is based on either Net Worth. In the absence of financial information, an indication of the company's size will be based on the number of employees.  The Composite Credit Appraisal is set to one of the following four values assessing the likelihood of the business failing and not meeting its payment obligations:  1 (Strong), 2 (Good), 3 (Fair), and 4 (Limited).  Some lines of business don't lend themselves to the type of D&B Rating described above and instead will have a code explaining why the rating is not available (e.g., the organization is a branch, is organization is out of business).  For organizations located outside the United States, some countries have ratings similar to the United States, but for many countries this rating consists of 2 parts, the Financial Strength Indicator, which is a code defining the range in which this business' financial assets fall, which varies by country (e.g., 'CC' for the range 481,000-961,999 in Mexican Pesos for a business in Mexico) and a Risk Indicator, which is set to one of the following four values: 1 (Minimal Risk), 2 (Low Risk), 3 (Greater than Average Risk), or 4 (Significant Risk).  In the absence of the above, the rating will be set to a code explaining why an actual rating could not be assigned (e.g., the organization is a branch, it is out of business, it has a negative net worth).",
			"type": "string",
			"maxLength": 64
		},
		"acquirer": {
			"additionalProperties": false,
			"description": "A json object identifying the business that the researcher had determined assumed control of the subject organization.",
			"$ref": "iResearchOrganizationIdentityLayout.json"
		},
		"formerOwnerDuns": {
			"description": "The Dun & Bradstreet proprietary number assigned in accordance with the Data Universal Numbering System that uniquely identifies the prior business to have had a controlling interest in the subject organization, or in the case where the subject is a branch, was the actual legal entity.  If the Owner D-U-N-S Number is not populated, but this property is, it means the one-up linkage was removed without a replacement.  If the Owner D-U-N-S Number is populated, but this attribute is not, it means that the one-up linkage was missing.  If both are populated, the one-up linkage was changed from one business to another.  Design Note:  this has been defined as string data to record leading zeros.  The User Interface (UI) will ensure that the string is 9 numeric digits.  The extra 2 characters are in the event the D-U-N-S Number size is ever expanded.",
			"type": "string",
			"maxLength": 11
		},
		"owner": {
			"description": "A json object identifying the business that the researcher had determined has either a controlling interest in the subject organization, or in the case where the subject is a branch, is the actual legal entity, plus an indicator specifying whether the owner's role with respect to the subject is that of a parent or a headquarters.",
			"type": "object",
			"javaType": "com.dnb.irsch.bom.Owner",
			"additionalProperties": false,
			"properties": {
				"ownerIdentity": {
					"description": "A json object identifying the business that the researcher had determined has either a controlling interest in the subject organization, or in the case where the subject is a branch, is the actual legal entity, plus an indicator specifying whether the owner's role for the subject is a parent or a headquarters.",
					"$ref": "iResearchOrganizationIdentityLayout.json"
				},
				"isParent": {
					"description": "When turned ON (set to true) it means that researcher had determined that the 'subject : owner' relationship is a 'subsidiary : parent' association.  When turned OFF (set to false) it means that the researcher had determined the 'subject : owner' relationship is a 'branch : headquarters' association.  Clarification Note:  if the 'owner' is identified as a headquarters, then this is a linkage relationship, but it is not technically an ownership relationship, as the branch (i.e., the subject) is not a legal entity.  Instead, the subject is a part of the headquarters business and therefore cannot be 'owned'.",
					"type": "boolean",
					"required": [
						"isParent"
					]
				}
			}
		},
		"childOrganizations": {
			"description": "An array recording all of the children (immediate branches and subsidiaries) of the subject business that the researcher confirmed.",
			"type": "array",
			"items": {
				"$ref": "iResearchChildOrganizationLayout.json",
				"required": [
					"isBranch"
				]
			}
		},
		"addresses": {
			"description": "Records the addresses determined by the researcher to be the correct addresses for the subject organization.  Clarification Notes:  (1)  there should only be one primary address and one registered address; there can be multiple addresses of the other types and (2)  the countryCode property applies to all of the addresses provided for the subject in this array.",
			"type": "array",
			"items": {
				"$ref": "iResearchAddressLayout.json",
				"required": [
					"addressUsageTypeCode"
				]
			}
		},
		"organizationPhones": {
			"description": "An array recording all of the phone numbers added and/or modified by the researcher in response to the research request.",
			"type": "array",
			"items": {
				"$ref": "iResearchTelephoneLayout.json",
				"required": [
					"telephone"
				]
			}
		},
		"shareOwnership": {
			"description": "An array recording all of the share owners of the subject organization that were added and/or modified by the researcher in response to the research request",
			"type": "array",
			"items": {
				"$ref": "iResearchShareOwnershipLayout.json",
				"required": [
					"shareOwnerName"
				]
			}
		},
		"principals": {
			"description": "An array recording all of the names and titles of executive level employees of the subject organization that were added and/or modified by the researcher in response to the research request.  Clarification Note:  the highest ranking principal (e.g., the Chief Executive Officer) of the subject organization is recorded in the property named  'ceoName' and not in this array.",
			"type": "array",
			"items": {
				"$ref": "iResearchPrincipalLayout.json",
				"required": [
					"principalName", "jobTitle"
				]
			}
		},
		"relatedOrganizations": {
			"description": "An array recording all of the names of the one or more organizations related to, or affiliated with, the subject organization that were provided by the requester in the belief that they should be different in some respect from what D&B has or doesn't have with regard to related organizations.  Some of the situations in which an organization may be considered as being related/affiliated are when: (1) the specified organization is a minority owner of the subject organization (50% or less), (2) the specified organization has an owner in common with the subject organization, and (3) the specified organization has a principal in common with the subject organization.",
			"type": "array",
			"items": {
				"type": "object",
				"additionalProperties": false,
				"javaType": "com.dnb.irsch.bom.RelatedOrganization",
				"properties": {
					"organizationName": {
						"description": "The name of an organization that has been provided because it might be related to, or affiliated with, the subject organization (e.g., it is a minority owner of the subject organization, it shares an owner in common with the subject organization).  Clarification Note:  either this property or the 'duns' in this array must be populated if this array is present.  If this property is populated, then the location data must be provided too (e.g., the countryCode, town, and depending on the country, the territory as well).",
						"type": "string",
						"maxLength": 240
					},
					"duns": {
						"description": "The Dun & Bradstreet proprietary number assigned in accordance with the Data Universal Numbering System that identifies the organization that is related to or affiliated with the subject organization (e.g., it is a minority owner of the subject organization, it shares an owner in common with the subject organization).  Clarification Note:  either this property or the 'organizationName' in this array must be populated if this array is present.  If this property is populated, then the other properties (e.g., name, address) are optional.",
						"type": "string",
						"maxLength": 11
					},
					"town": {
						"description": "The name of the town or city recognized by the Postal Authority specifying where this related organization is located.",
						"type": "string",
						"maxLength": 64
					},
					"county": {
						"description": "The name of the primary administrative division within the Territory or Country for the address of this related organization.  As some examples, in the U.S. this would be a county within a state, in the UK this would be a county in one of the Home Nations, and in the Republic Of Ireland, this would be a county and there would be no state.",
						"type": "string",
						"maxLength": 64
					},
					"territory": {
						"description": "The name of the locally governed area that forms part of a centrally governed nation, like a province in Canada (e.g., ON, BC), a state in the United States of America (e.g., NJ, NY), or a home country in the United Kingdom (e.g., England, Wales) specifying where this related organization is located.",
						"type": "string",
						"maxLength": 64
					},
					"countryCode": {
						"description": "The ISO 2-alpha code specifying the country where this related organization is located.",
						"type": "string",
						"minLength": 2,
						"maxLength": 2
					}
				}
			}
		},
		"duplicateDunsNumbers": {
			"description": "An array recording all of the D-U-N-S Numbers that the researcher has confirmed as duplicates.  Two D-U-N-S Numbers must be identified in each entry in this array:  a retained D-U-N-S Number and a deleted D-U-N-S Number.  Please note that if there is more than one duplicate of the case D-U-N-S, that it is possible that neither the Retained D-U-N-S Number nor the Deleted D-U-N-S Number may be the subject organization.  For example, if the subject organization for this case has D-U-N-S Number 567 and two confirmed duplicates have been identified, 123 and 789, it's possible that the two entries in this table will be:  (1) Retained D-U-N-S = 123; Deleted D-U-N-S = 567 and (2) Retained D-U-N-S = 123; Deleted D-U-N-S = 789, where the first entry includes the subject D-U-N-S Number and the second entry does not.",
			"type": "array",
			"items": {
				"type": "object",
				"additionalProperties": false,
				"javaType": "com.dnb.irsch.bom.DuplicateDunsNumber",
				"properties": {
					"retainedDuns": {
						"description": "The Dun & Bradstreet proprietary number assigned in accordance with the Data Universal Numbering System that uniquely identifies which D-U-N-S Number is going to persist as the identifier of the subject organization.  Design Note:  this has been defined as string data to record leading zeros.  The User Interface (UI) will ensure that the string is 9 numeric digits.  The extra 2 characters are in the event the D-U-N-S Number size is ever expanded.",
						"type": "string",
						"maxLength": 11
					},
					"deletedDuns": {
						"description": "The Dun & Bradstreet proprietary number assigned in accordance with the Data Universal Numbering System that uniquely identifies which of the two D-U-N-S Numbers is going to be removed from D&B's business files.  Design Note:  this has been defined as string data to record leading zeros.  The User Interface (UI) will ensure that the string is 9 numeric digits.  The extra 2 characters are in the event the D-U-N-S Number size is ever expanded.",
						"type": "string",
						"maxLength": 11
					}
				},
				"required": [
					"retainedDuns", "deletedDuns"
				]
			}
		},
		"isResearcherDiscoveredMerger": {
			"description": "When turned ON (set to true) it means that the requester had not asked for Merger/Acquisition research to be performed, but the researcher nonetheless determined that the subject had been consolidated with another business.  This happens when the requester did not realize there was a Merger/Acquisition event, and just knew, for instance, that the business name had changed or the parent linkage information was incorrect, and the researcher discovered that a merger had taken place when looking into the matter.  Please Note:  there is no OFF (false) condition.  Instead, this property (isResearcherDiscoveredMerger) will be absent.  When it is not present it either means:  (1) the requester had asked for Merger/Acquisition research to be conducted, and this indicator is never applicable when this is the case, or (2) the researcher did not discover a merger had taken place.",
			"type": "boolean"
		},
		"isResearcherDiscoveredAcquisition": {
			"description": "When turned ON (set to true) it means that the requester had not asked for Merger/Acquisition research to be performed, but the researcher nonetheless determined that another business had taken control of the subject.  This happens when the requester did not realize there was a Merger/Acquisition event, and just knew, for instance, that the business name had changed or the parent linkage information was incorrect, and the researcher discovered that an acquisition had taken place when looking into the matter.  Please Note:  there is no OFF (false) condition.  Instead, this property (isResearcherDiscoveredAcquisition) will be absent.  When it is not present it either means:  (1) the requester had asked for Merger/Acquisition research to be conducted, and this indicator is never applicable when this is the case, or (2) the researcher did not discover an acquisition had taken place.",
			"type": "boolean"
		},		
		"bdrsDataUsabilityCode": {
			"description": "A code identifying whether the researcher was able to use the information collected by the Business Data Research System (BDRS) and if so, to what extent.  The value populated here comes from SCoTS code table 777 (iResearch Source Data Usability).",
			"type": "integer",
			"maximum": 9999999
		},
		"isDeletedBdrsDuplicateDuns": {
			"description": "When turned ON (set to true) it means that Business Research Data System (BDRS) identified a duplicate D-U-N-S Number that the research team confirmed as a true duplicate, resulting in it being deleted from D&B's business files.  When turned OFF (set to false) it means that Business Research Data System (BDRS) identified a duplicate D-U-N-S Number, but the research team determined it is not an actual duplicate, so no action was needed.  Clarification Note:  if this attribute is missing from a document with this schema, it means that BDRS did not identify a duplicate. Not applicable for UpdateAndCloseApi.",
			"type": "boolean"
		},
		"sourceDataItems": {
			"description": "An array recording the additional source data that the researcher located (beyond what the Business Data Research System (BDRS) had returned) and which assisted in the resolution of the case.",
			"type": "array",
			"items": {
				"$ref": "iResearchSourceDataItemLayout.json",
				"required": [
					"sourceName"
				]
			}
		},
		"linkageNodes": {
			"description": "Holds an array of LinkageNode objects, with each node representing one level in the family tree. The first node holds the immediate parent DUNS of the subject; the second node is for the grandparent DUNS, etc., continuing up to the GlobalUltimate.",
			"type": "array",
			"items": {
				"$ref": "iResearchLinkageNodeLayout.json",
				"required": [
					"duns"
				]
			}
		},
		"currentLinkageDuns": {
			"description": "The Dun & Bradstreet proprietary number associated with the current highest linkage node being worked. Not applicable if not a mini-linkage type case.",
			"type": "string",
			"maxLength": 11
		},
		"currentLinkageOrganizationName": {
			"description": "Name of the organization associated with the current highest linkage node being worked. Not applicable if not a mini-linkage type case.",
			"type": "string",
			"maxLength": 240
		},
		"currentLinkageCountryCode": {
			"description": "The ISO 2-alpha code specifying the country associated with the current highest linkage node being worked. Not applicable if not a mini-linkage type case.",
			"type": "string",
			"minLength": 2,
			"maxLength": 2			
		},
		"currentLinkageAddress": {
			"description": "The address associated with the current highest linkage node being worked. If primary address available, use that first; if not then mailing address. Not applicable if not a mini-linkage type case.",
            "$ref": "iResearchAddressLayout.json"
        },
		"globalUltimateDuns": {
			"description": "The Dun & Bradstreet proprietary number assigned in accordance with the Data Universal Numbering System that uniquely identifies the global ultimate organization of the subject DUNS.",
			"type": ["string","null"],
			"maxLength": 11
		}
	}
}