{
	"$schema": "http://json-schema.org/draft-04/schema#",
	"description": "This API is the response to the iResearchRetrieveCaseApiRequest.",
	"type": "object",
	"additionalProperties": false,
	"properties": {
		"rejectionInformation": {
			"description": "A json object identifying the business that the requester believes either has acquired the subject organization or merged with the subject organization.",
			"$ref": "iResearchRequestRejectionLayout.json"
		},
		"partnerResearchCase": {
			"$ref": "iResearchSendResearchRequestToPartnerLayout.json"
		}
	}
}