{
	"$schema": "http://json-schema.org/draft-04/schema#",
	"description": "Holds data for one level in a linkage family tree. LinkageNode[0] is for the subject DUNS of the investigation, LinkageNode[1] is for the immediate parent, LinkageNode[2] is for the grandparent, etc. Technical Note: LinkageNode[0] data will be copied by iResearch services into the main research results elements whenever research results are updated. For example, if LinkageNode[0] is filled in with research results about the subject DUNS and sets the organizationName, countryCode, and addresses[0], these 3 elements will be copied to their respective elements in the main researchResult object. This is done for backward compatibility with existing features of the application that expect subject DUNS information in the current researchResult.",
	"type": "object",
	"additionalProperties": false,
	"javaType": "com.dnb.irsch.bom.LinkageNode",	
	"properties": {
		"nodeId": {
			"description": "A UUID (universally unique identifier) that uniquely identifies this LinkageNode. It is expected this number will be assigned at the time of creation of the node, and will never change. example:89D9FCB7DDD6484EA885A06090AB1DFF",
			"type": "string"
		},
		"duns": {
			"description": "The Dun & Bradstreet proprietary number assigned in accordance with the Data Universal Numbering System that uniquely identifies the organization.  Design Note: this has been defined as string data to record leading zeros. The User Interface (UI) will ensure that the string is 9 numeric digits. The extra 2 characters are in the event the D-U-N-S Number size is ever expanded.",
			"type": "string",
			"maxLength": 11
		},
		"organizationName": {
			"description": "Text specifying the name of the organization.",
			"type": "string",
			"maxLength": 240
		},
		"countryCode": {
			"description": "The ISO 2-alpha code specifying the country where the organization is located.",
			"type": "string",
			"minLength": 2,
			"maxLength": 2			
		},
		"addresses": {
			"description": "An array recording all of the addresses associated with the organization.  Clarification Notes:  (1)  there should only be one primary address and one registered address; there can be multiple addresses of the other types and (2)  the countryCode property applies to all of the addresses provided for the organization in this array.",
			"type": "array",
			"items": {
				"$ref": "iResearchAddressLayout.json",
				"required": [
					"addressUsageTypeCode"
				]
			}
		},
		"organizationPhones": {
			"description": "An array recording all of the phone numbers added and/or modified by the researcher in response to the research request.",
			"type": "array",
			"items": {
				"$ref": "iResearchTelephoneLayout.json",
				"required": [
					"telephone"
				]
			}
		},
		"primaryIndustryCode": {
			"description": "A code identifying the primary activity engaged in by the organization, e.g., 2335 - the SIC for manufacturing women's dresses, 5621 - the SIC for women's clothing store.  When this attribute is populated, the Industry Coding Scheme Code must also be populated so the correct meaning of the code can be determined.  Clarification Note:  this is expected to be mutually exclusive with the Primary Industry Description, meaning if there is a value here, the Primary Industry Description will be NULL (absent), but it cannot be ruled out that both may be populated when the data is provided through a customer's API.",
			"type": "string",
			"maxLength": 16
		},
		"tradeStyleName": {
			"description": "Text recording a name, other than the primary business name, that the organization uses when conducting business. This is alternatively known as the 'doing business as' ('DBA') name and the 'also known as' name.  For example, the Trade Style Name for 'International Business Machines' is 'IBM'.",
			"type": "string",
			"maxLength": 240
		},
		"tradeStyleName2": {
			"description": "Text recording a second name, other than the primary business name, that the organization uses when conducting business. This is alternatively known as the 'doing business as' ('DBA') name and the 'also known as' name.  For example, the Trade Style Name for 'International Business Machines' is 'IBM'.",
			"type": "string",
			"maxLength": 240
		},
		"tradeStyleName3": {
			"description": "Text recording a third name, other than the primary business name, that the organization uses when conducting business. This is alternatively known as the 'doing business as' ('DBA') name and the 'also known as' name.  For example, the Trade Style Name for 'International Business Machines' is 'IBM'.",
			"type": "string",
			"maxLength": 240
		},
		"commentIds": {
			"description": "A list of country return comment identifiers entered by the researcher on this organization. May be left out when calling updateResearchResults, and will be filled in by the service based on DUNS# in the linkageComments array.",
			"type": "array",
			"items": {
				"description": "A number that uniquely identifies the comment.",
				"type": "integer",
				"maximum": 999999999
			}
		},
		"attachmentIds": {
			"description": "A list of attachment identifiers entered by the researcher on this organization.",
			"type": "array",
			"items": {
				"description": "A number that uniquely identifies the attachment.",
				"type": "integer",
				"maximum": 999999999
			}
		},
		"contactEntryIds": {
			"description": "A list of contact entry identifiers entered by the researcher on this organization. May be left out when calling updateResearchResults, and will be filled in by the service based on DUNS# in the linkageContactEntries array.",
			"type": "array",
			"items": {
				"description": "A number that uniquely identifies the contact entry.",
				"type": "integer",
				"maximum": 999999999
			}
		},
		"resolutionCode": {
			"description": "A code specifying what the outcome of the research activity was, e.g., data was changed or added, update or change was not made because data was correct, no updates were made because requested change could not be verified.  The possible codes for this attribute are recorded in SCoTS table 772 [iResearch Resolution].",
			"type": "integer",
			"maximum": 9999999
		},
		"subResolutionCode": {
			"description": "A code that provides more information on the outcome of the research activity than provided in the Resolution Code.  The possible codes for this attribute are recorded in SCoTS table 773 [iResearch Sub Resolution].",
			"type": "integer",
			"maximum": 9999999
		},
		"resolutionTimestamp": {
			"description": "The date and time when the outcome of this researcher's work was recorded.  Clarification Notes: (1) if the Resolution Code is populated then this attribute must also be populated, (2) the expected format is per ISO 8601, and (3) the value here is set by the iResearch application service.",
			"type": "string",
			"maxLength": 29,
			"pattern": "^[0-9]{4}-[0-1]{1}[0-9]{1}-[0-3]{1}[0-9]{1}T[0-2]{1}[0-9]{1}:[0-5]{1}[0-9]{1}:[0-5]{1}[0-9]{1}[.]{1}[0-9]{3}[+|-]{1}[0-2]{1}[0-9]{1}:[0-5]{1}[0-9]{1}",
			"format": "date-time"
		},
		"addedByResearcherIndicator": {
            "description": "Set to true if the first user to set the resolutionCode/subResolutionCode on this node was a researcher, or false if the user was a QC, or left null if the resolutionCode/subResolutionCode have not yet been set.",
			"type": "boolean"
		}
	},
    "required": [ "nodeId" ]
}
