{
    "$schema": "http://json-schema.org/draft-04/schema#",
    "description": "This schema has the information returned to the requester of an iResearch Submit Research Request in response to that request.  It will contain error information or it will provide the iResearch Request Identifier that was assigned to the request, plus the Subject Research Identifier that was created for each case, and the research type(s) and sub type(s) associated with each case.  In order to be able to respond to the request in any situation, all of the properties in this schema are treated as optional.",
    "type":  "object",
	"additionalProperties": false,
    "properties": 
    {
        "subjectResearchId": {
            "description": "A number that uniquely identifies the iResearch subject research to be updated.",
            "type": "integer",
            "minimum": 10000,
            "maximum": 999999999
        },
		"rejectionInformation": {
			"description": "A json object identifying the business that the requester believes either has acquired the subject organization or merged with the subject organization.",
			"$ref": "iResearchRequestRejectionLayout.json"
        },
        "attachmentLinkSignedUrls": {
            "description": "An array of pre-signed URLs generated by the system to allow an attachment to be uploaded to iResearch that have material relevant to the subject organization as supporting documentation for a research request. One URL will be provided for each attachment link that was requested.",
            "type": "array",
            "items": {
                "$ref": "iResearchAttachmentLinkSignedUrlLayout.json"
            }
		}
    }
}