
{
	"$schema": "http://json-schema.org/draft-04/schema#",
	"description": "This schema records information on an executive level employee of the subject organization.  This schema typically does not represent a standalone document, but rather is embedded in (referenced by) another schema, where it will often be defined as an array where the data content described by this schema will be one entry in that array.  Note regarding the 'javaType' keyword:  specifying this name controls the naming of generated Java source code so it conforms to Java packaging and naming standards.  In addition, this keyword was necessary to naming the json schema in accordance with the new DA naming standard without impacting the application code that's already been written.  As for the components of the javaType name, 'com' stands for company, 'dnb' for D&B, 'irsch' for iResearch, 'bom' for Busines Object Model, and it ends with the schema name used in the java code.",
	"type": "object",
	"additionalProperties": false,
	"javaType": "com.dnb.irsch.bom.Principal",
		"properties": {
			"principalName": {
				"description": "The name of a person who is one of the more senior (executive) level employees of the subject organization.",
				"type": "string",
				"maxLength": 240
			},
			"jobTitle": {
				"description": "Text specifying the designation for the position held by the principal, e.g., Chief Financial Officer, Corporate General Partner, Senior Vice President Marketing.",
				"type": "string",
				"maxLength": 192
			}
		}
}
