{
	"$schema": "http://json-schema.org/draft-04/schema#",
	"description": "This schema records identifying information on a child organization of the subject business such as its name and address and the nature of its relationship with the subject (i.e., whether it is its branch or subsidiary).  This schema represents a single child organization, but this schema can be incorporated in another schema as an array, and in that manner can cover multiple child organizations.    Note regarding the 'javaType' keyword:  specifying this name controls the naming of generated Java source code so it conforms to Java packaging and naming standards.  In addition, this keyword was necessary to naming the json schema in accordance with the new DA naming standard without impacting the application code that's already been written.  As for the components of the javaType name, 'com' stands for company, 'dnb' for D&B, 'irsch' for iResearch, 'bom' for Busines Object Model, and it ends with the schema name used in the java code.",
	"type": "object",
	"additionalProperties": false,
	"javaType": "com.dnb.irsch.bom.ChildOrganization",
	"properties": {
		"childOrganizationIdentity": {
			"description": "A json object identifying an organization that is a child (branch or subsidiary) of the subject business.",
			"$ref": "iResearchOrganizationIdentityLayout.json"
		},	
		"isBranch": {
            "description": "When turned OFF (set to false) it means that the requester believe the 'subject : child' relationship is a 'parent : subsidiary'association. When turned ON (set to true) it means that the requester believes the 'subject : child' relationship is a 'headquarters : branch' association.  When set to NULL it means that the requester has not identified the role played by the child in the one-up linkage relationship.  Clarification Note:  if the 'child' is identified as a branch, then this is a linkage relationship, but it is not technically an ownership relationship, as the branch (i.e., the subject) is not a legal entity.  Instead, the subject is a part of the headquarters business and therefore cannot be 'owned'.",
			"type": "boolean"
		},
		"linkageChangeActionCode": {
			"description": "A code identifying the action that either the requester believes needs be taken with this child linkage, in the case of a submission, or the action that the researcher has determined needs to be taken with this child linkage, in the case of a resolution.  For a requester, the possible values are:  (1) remove the linkage, (2) correct the linkage (replace or add), or (3) create a new D-U-N-S Number to add/fix the linkage.  For a researcher the possible values are:  (1) remove the linkage, (2) add the linkage, or (3) replace the linkage.",
			"type": "integer",
			"maximum": 9999999
		},
		"formerParentDuns": {
			"description": "The Dun & Bradstreet proprietary number assigned in accordance with the Data Universal Numbering System that uniquely identifies the prior business to have had a controlling interest in the child organization, if the child was a subsidiary, or in the case where the child is a branch, was the actual legal entity.  It is only populated if the research subject is not the parent.  The processingActionCode identifies if the linkage regarding this business was removed or replaced.  This property will not be populated if the processingActionCode was an add.  Design Note:  this has been defined as string data to record leading zeros.  The User Interface (UI) will ensure that the string is 9 numeric digits.  The extra 2 characters are in the event the D-U-N-S Number size is ever expanded.",
			"type": "string",
			"maxLength": 11
		},
		"parentDuns": {
			"description": "The Dun & Bradstreet proprietary number assigned in accordance with the Data Universal Numbering System that uniquely identifies the organization that the researcher has determined is the parent of the child identified in this entry (or more precisely the headquarters, if the child happens to be a branch -- see value of isBranch property).  It is only populated if the research subject is not the parent.  Design Note:  this has been defined as string data to record leading zeros.  The User Interface (UI) will ensure that the string is 9 numeric digits.  The extra 2 characters are in the event the D-U-N-S Number size is ever expanded.",
			"type": "string",
			"maxLength": 11
		},
		"parentBusinessName": {
			"description": "The name of the business that the researcher has determined is the parent of the child identified in this entry (or more precisely the headquarters, if the child happens to be a branch).  It is only populated if the research subject is not the parent.",
			"type": "string",
			"maxLength": 240
		},
		"parentCountryCode": {
			"description": "The ISO 2-alpha code specifying the country of the organization that the researcher has determined is the parent of the subject organization (or more precisely the headquarters, if the child happens to be a branch).  It is only populated if the research subject is not the parent.",
			"type": "string",
			"minLength": 2,
			"maxLength": 2
		}
	}
}
