{
    "$schema": "http://json-schema.org/draft-04/schema#",
    "description": "This is a definition of the json object that captures the contacts(email, phone, etc) made by a researcher for one DUNS in the linkageNode array. Either outgoing or incoming.",
    "type": "object",
    "additionalProperties": false,
	"javaType": "com.dnb.irsch.bom.LinkageContactEntry",
    "properties": {
        "contactEntry": {
            "$ref": "ContactEntry.json"
        },
		"nodeId": {
			"description": "A UUID (universally unique identifier) that uniquely identifies the LinkageNode record this contact entry is associated with. example:89D9FCB7DDD6484EA885A06090AB1DFF",
			"type": "string"
		}
	},
    "required": [ "nodeId" ]
}