{
	"$schema": "http://json-schema.org/draft-04/schema#",
	"description": "This schema records information that has been provided (ultimately) by a requester on a subject organization for which the requester wants research to be conducted.  It contains data that the requester believes to be the correct values.  The researcher will need to determine if they are indeed correct.  This schema represents a single organization, but this schema can be incorporated in another schema as an array, and in that manner can cover multiple organizations.    Note regarding the 'javaType' keyword:  specifying this name controls the naming of generated Java source code so it conforms to Java packaging and naming standards.  In addition, this keyword was necessary to naming the json schema in accordance with the new DA naming standard without impacting the application code that's already been written.  As for the components of the javaType name, 'com' stands for company, 'dnb' for D&B, 'irsch' for iResearch, 'bom' for Busines Object Model, and it ends with the schema name used in the java code.",
	"type": "object",
	"additionalProperties": false,
	"javaType": "com.dnb.irsch.bom.SubmittedData",
	"properties": {
		"duns": {
			"description": "The Dun & Bradstreet proprietary number assigned in accordance with the Data Universal Numbering System that uniquely identifies this organization.  Clarification Note:  if the D-U-N-S Number is populated, it is not subject to change.  If it turns out that this was not the correct/intended subject, a new request needs to be submitted.  Design Note:  this has been defined as string data to record leading zeros.  Currently, it is expected to be a 9-digit string.  The extra 2 characters are in the event the D-U-N-S Number size is ever expanded.",
			"type": "string",
			"maxLength": 11
		},
		"organizationName": {
			"description": "Text specifying the name of the subject to be researched.",
			"type": "string",
			"maxLength": 240
		},
		"countryCode": {
			"description": "The ISO 2-alpha code specifying the country where the subject is located.",
			"type": "string",
			"minLength": 2,
			"maxLength": 2
		},
		"addresses": {
			"description": "An array recording all of the addresses provided by the requester for the subject (e.g., primary address, mailing address, registered address) where the requester believes it should be different in some respect from what D&B has or doesn't have.  Clarification Notes:  (1)  there should only be one primary address and one registered address; there can be multiple addresses of the other types and (2)  the countryCode property applies to all of the addresses provided for the subject in this array.",
			"type": "array",
			"maxItems": 2,
			"items": {
				"$ref": "iResearchAddressLayout.json",
				"required": [
					"addressUsageTypeCode"
				]
			}
		},
		"organizationPhones": {
			"description": "An array recording all of the telephone numbers used by the organization that the requester provided.",
			"type": "array",
			"maxItems": 1,
			"items": {
				"$ref": "iResearchTelephoneLayout.json",
				"required": [
					"telephone"
				]
			}
		},
		"businessRegistrationNumber": {
			"description": "A requester-provided number assigned by an external body (e.g., a government agency like Companies House in the United Kingdom) which either uniquely identifies or helps to identify this organization.  It is only given when the requester believes that this is what the value of the registration number should be, rather than what D&B may have, or not have at all, in its business files for this data element.  The source of this number can be inferred from the Registration Number Type Description and/or the Registration Number Location Description.  Clarification Notes:  1. if this property is populated, the Registration Number Type Description or the Registration Number Location Description is also expected to be populated and 2.  the number here is not expected to be unique across different registration number types.",
			"type": "string",
			"maxLength": 32
		},
		"businessRegistrationNumberClassCode": {
			"description": "A code selected by the requester to identify in general terms what sort of Registration Number has been entered by the requester, e.g., National Business Registration Number, Chamber of Commerce Number, Fiscal / Tax Registration Number.  It is only specified when the requester has provided a registration number.  Design Note:  there are too many Registration Number Types listed in SCoTS (SCoTS Code Table 7) to make a drop down menu of registration number types practical for the submitter (note:  even if the list is filtered by country, there are also Registration Number Types that are not associated with any particular country, which would still result in a long drop down list), so SCoTS Code table 72 [Registration Number Class] is used instead.",
			"type": "integer",
			"maximum": 9999999
		},
		"businessRegistrationNumberLocationDescription": {
			"description": "Requester-provided text specifying the geographic location where the Registration Number was assigned and recorded to confer uniqueness on the number.  For example, the text may specify a country name, a state name in the U.S., a province name in Canada.  It is only given when the requestor has provided a registration number.",
			"type": "string",
			"maxLength": 240
		},
		"tradeStyleName": {
			"description": "Text recording a name, other than the primary business name, that the subject uses when conducting business. This is alternatively known as the 'doing business as' ('DBA') name and the 'also known as' name.  For example, the Trade Style Name for 'International Business Machines' is 'IBM'.",
			"type": "string",
			"maxLength": 240
		},
		"tradeStyleName2": {
			"description": "Text recording a second name, other than the primary business name, that the subject uses when conducting business. This is alternatively known as the 'doing business as' ('DBA') name and the 'also known as' name.  For example, the Trade Style Name for 'International Business Machines' is 'IBM'.",
			"type": "string",
			"maxLength": 240
		},
		"tradeStyleName3": {
			"description": "Text recording a third name, other than the primary business name, that the subject uses when conducting business. This is alternatively known as the 'doing business as' ('DBA') name and the 'also known as' name.  For example, the Trade Style Name for 'International Business Machines' is 'IBM'.",
			"type": "string",
			"maxLength": 240
		},
		"contacts": {
			"description": "An array recording all of the names provided by the requester for people working at the subject organization that the requester believes can help D&B by supplying and/or confirming information regarding their organization. It also may have information for reaching the contacts.",
			"type": "array",
            "maxItems": 1,
			"items": {
				"$ref": "iResearchContactLayout.json",
				"required": [
					"contactName"
				]
			}
		},
		"industry": {
			"description": "Pairs the industry code with the industry scheme to which it belongs, e.g., US SIC 1987",
			"type": "object",
			"additionalProperties": false,			
			"properties": {
				"primaryIndustryCode": {
					"description": "A code identifying the primary activity engaged in by the subject, e.g., 2335 - the SIC for manufacturing women's dresses, 5621 - the SIC for women's clothing store.  When this attribute is populated, the Industry Coding Scheme Code must also be populated so the correct meaning of the code can be determined.  Clarification Note:  this is expected to be mutually exclusive with the Primary Industry Description, meaning if there is a value here, the Primary Industry Description will be NULL (absent), but it cannot be ruled out that both may be populated when the data is provided through a customer's API.",
					"type": "string",
					"maxLength": 16
				},
				"industryCodeTypeCode": {
					"description": "A code identifying what industry coding scheme was used for the value recorded in Submitted Primary Industry Code, e.g., US Standard Industry Code 1987 (the 4-digit US 1987 Standard Industrial Classification (SIC)), European Union's Nomenclature statistique des activités économiques dans la Communauté européenne (NACE), North American Industry Classification System (NAICS).  The value recorded here comes from SCoTS Table 30 [Industry Code Types]. Only some of the values in that code table may be valid here; check the system applicability in SCoTS for which are possible.",
					"type": "integer",
					"maximum": 9999999
				}
			},
			"required": [
				"primaryIndustryCode", "industryCodeTypeCode"
			]
		},
		"primaryIndustryDescription": {
			"description": "Text specifying the primary activity engaged in by the subject, e.g., manufacturing aircraft engines, operating a restaurant, providing accounting services.  Clarification Notes:  (1)  in the iResearch UI (user interface), one of the options for the Primary Industry Code will be 'Other' and if it is selected, the submitter will be given the opportunity to enter a text description instead, which will be recorded here and (2)  this is expected to be mutually exclusive with the Primary Industry Code, meaning if there is a value here, the Primary Industry Code will be NULL (absent), but it cannot be ruled out that both may be populated when the data is provided through a customer's API.",
			"type": "string",
			"maxLength": 256
		},
		"url": {
			"description": "The internet address, including the domain, for locating the subject on the Worldwide Web.  This will typically be to the homepage of the subject.  Clarification Note:  these internet addresses are not standardized. For example, it may or may not include a protocol (e.g., http, https) or 'www'.",
			"type": "string",
			"maxLength": 240
		},
        "linkedinUrl": {
            "description": "The subject's LinkedIn internet address.  Clarification Note:  these internet addresses are not standardized. For example, it may or may not include a protocol (e.g., http, https) or 'www'.",
            "type": "string",
            "maxLength": 240
        },
        "twitterUrl": {
            "description": "The subject's Twitter internet address.  Clarification Note:  these internet addresses are not standardized. For example, it may or may not include a protocol (e.g., http, https) or 'www'.",
            "type": "string",
            "maxLength": 240
        },
        "facebookUrl": {
            "description": "The subject's Facebook internet address.  Clarification Note:  these internet addresses are not standardized. For example, it may or may not include a protocol (e.g., http, https) or 'www'.",
            "type": "string",
            "maxLength": 240
        },
		"salesAmount": {
			"description": "A monetary figure specifying the annual revenue from the products and services sold by the subject organization after returns, allowances, and discounts have been deducted.  Please note that the reported sales figure may not be an actual amount; for example, it could be the low end of a sales range or it could be estimated.",
			"type": "number"
		},
		"currencyCode": {
			"description": "The 3-character ISO Standard 4217 code identifying in which currency the monetary figures in this entity (e.g., Annual Sales Amount) are expressed, e.g., GBP (for Pound Sterling), USD (for United States Dollar), EUR (for Euro).",
			"type": "string",
			"minLength": 3,
			"maxLength": 3
		},
		"numberOfEmployees": {
			"description": "A number specifying how many people are employed by the subject organization, which will typically include for a business all of the employees at the organization's physical address plus all the people employed at its branches and subsidiaries, as many levels down in the family tree as needed to count them all, or, in the case of a branch, the number of employees at the organization's physical address.",
			"type": "integer",
			"maximum": 2140000000
		},
		"startYear": {
			"description": "The year when the subject organization first started operating.",
			"type": "integer",
			"maximum": 9999
		},
		"controlDate": {
			"description": "The year and month when the subject organization's ownership last changed.  Clarification Note:  the expected format is per ISO 8601.",
			"type": "string",
			"minLength": 7,
			"maxLength": 7,
			"pattern": "^[0-9]{4}-[0-1]{1}[0-9]{1}$"
		},
		"legalFormDescription": {
			"description": "Text specifying the legal structure of the subject organization that was registered with the appropriate government agency, e.g., corporation, partnership, proprietorship, non-profit organization, joint venture.  Clarification Note:  it was decided that it would not be practical to have the requester select the legal form from a list because there are too many (more than 3,500).  Even if the list is restricted to a country, there could be a few dozen legal forms in the list.  In addition, there are about 50 legal forms in SCoTS that are not country specific.",
			"type": "string",
			"maxLength": 240
		},
		"ceoName": {
			"description": "The name of the Chief Executive Officer or the highest ranking principal at the subject organization.   Please note, in the case where the subject organization is a branch, this will likely be the branch manager, and where the subject organization is a subsidiary, it will be the highest ranking individual at the subsidiary's location.",
			"type": "string",
			"maxLength": 240
		},
		"ceoJobTitle": {
			"description": "Text specifying the title of the highest ranking principal at the subject organization, e.g., Chief Executive Officer (CEO), Owner, Member.  Clarification Note:  if the Submitted Chief Executive Officer Name is provided, then the value for this attribute must be provided as well.",
			"type": "string",
			"maxLength": 192
		},
		"isActiveBusiness": {
			"description": "When turned ON (set to true), it means that the requester believes this should be an active organization (e.g., an actively trading business, an operational government office), implying that D&B has identified it as inactive in at least one product/access system.  When turned OFF (set to false), it means that the requester believes this should be an inactive organization, implying that D&B has identified it as active in at least one product/access system.",
			"type": "boolean"
		},
		"acquirer": {
			"description": "A json object identifying the business that the requester believes either has acquired the subject organization or merged with the subject organization.",
			"$ref": "iResearchOrganizationIdentityLayout.json"
		},	
		"owner": {
			"description": "A json object identifying the business that the requester believes has either a controlling interest in the subject organization, or in the case where the subject is a branch, is the actual legal entity, plus an indicator specifying whether the owner's role with respect to the subject is that of a parent or a headquarters.",
			"type": "object",
			"javaType": "com.dnb.irsch.bom.Owner",
			"additionalProperties": false,
			"properties": {
				"ownerIdentity": {
					"description": "A json object identifying the business that the requester believes has either a controlling interest in the subject organization, or in the case where the subject is a branch, is the actual legal entity, plus an indicator specifying whether the owner's role for the subject is a parent or a headquarters.",
					"$ref": "iResearchOrganizationIdentityLayout.json"
				},
				"isParent": {
					"description": "When turned ON (set to true) it means that the requester believe the 'subject : owner' relationship is a 'subsidiary : parent' association.  When turned OFF (set to false) it means that the requester believes the 'subject : owner' relationship is a 'branch : headquarters' association.  Clarification Note:  if the 'owner' is identified as a headquarters, then this is a linkage relationship, but it is not technically an ownership relationship, as the branch (i.e., the subject) is not a legal entity.  Instead, the subject is a part of the headquarters business and therefore cannot be 'owned'.",
					"type": "boolean"
				}
			}	
		},				
		"childOrganizations": {
			"description": "An array recording all of the children (immediate branches and subsidiaries) of the subject business that the requester provided.",
			"type": "array",
			"maxItems": 4,
			"items": {
				"$ref": "iResearchChildOrganizationLayout.json"
			},
			"required": [
					"linkageChangeActionCode"
				]
		},
		"shareOwnership": {
			"description": "An array recording all of the share owners of the subject organization that the requester provided.",
			"type": "array",
			"maxItems": 5,
			"items": {
				"$ref": "iResearchShareOwnershipLayout.json",
				"required": [
					"shareOwnerName"
				]
			}
		},
		"principals": {
			"description": "An array recording all of the names and titles of executive level employees of the subject organization that the requester provided.  Clarification Note:  the highest ranking principal (e.g., the Chief Executive Officer) of the subject organization is recorded in the property named  'ceoName' and not in this array.",
			"type": "array",
			"maxItems": 5,
			"items": {
				"$ref": "iResearchPrincipalLayout.json",
				"required": [
					"principalName",
					"jobTitle"
				]
			}					
		},
		"submittedRelatedOrganizations": {
			"description": "An array recording all of the names of the one or more organizations related to, or affiliated with, the subject organization that were provided by the requester in the belief that they should be different in some respect from what D&B has or doesn't have with regard to related organizations.  Some of the situations in which an organization may be considered as being related/affiliated are when: (1) the specified organization is a minority owner of the subject organization (50% or less), (2) the specified organization has an owner in common with the subject organization, and (3) the specified organization has a principal in common with the subject organization.",
			"type": "array",
			"maxItems": 5,
			"items": {
				"type": "object",
				"additionalProperties": false,
				"properties": {
					"organizationName": {
					"description": "The name of an organization that has been provided because it might be related to, or affiliated with, the subject organization (e.g., it is a minority owner of the subject organization, it shares an owner in common with the subject organization).",
					"type": "string",
					"maxLength": 240
					}
				},
				"required": [
					"organizationName"
				]
			}						
		},
		"submittedDuplicateDunsNumbers": {
			"description": "An array recording all of the D-U-N-S Numbers that the requester believes to be a duplicate of the subject organization.",
			"type": "array",
			"maxItems": 5,
			"items": {
				"type": "object",
				"additionalProperties": false,
				"properties": {
					"duns": {
					"description": "The Dun & Bradstreet proprietary number assigned in accordance with the Data Universal Numbering System that uniquely identifies this organization as one that the requester believes to be a duplicate of the subject organization.  Clarification Note:  the value here must be different from the value recorded in the 'submittedData.duns' property (and that duns must not be NULL).  Design Note:  this has been defined as string data to record leading zeros.  The User Interface (UI) will ensure that the string is 9 numeric digits.  The extra 2 characters are in the event the D-U-N-S Number size is ever expanded.",
					"type": "string",
					"maxLength": 11
					}
				},
				"required": [
					"duns"
				]
			}						
		},
		"requestorsSubjectAccountNumber": {
			"description": "The number assigned by the requester in their system to identify this subject.  This is 'pass-through' information that is not of any interest to D&B, but is to be communicated back to the requester so they understand who the subject is from their perspective.",
			"type": "string",
			"maxLength": 50
		},
		"orderReasonCode": {
			"description": "A code specifying the order reason code. Values come from scots table 150 (order reason).",
			"type": "integer",
			"maximum": 9999999
		},
		"lookupRules": {
			"description": "An array recording all the lookup rules for this request.",
			"type": "array",
			"items": {
				"$ref": "iResearchLookupRuleLayout.json",
				"required": [
					"lookupRule"
				]
			}					
		}
		
	}
}