{
	"$schema": "http://json-schema.org/draft-04/schema#",
	"description": "This schema records an address for a subject of interest for research being conducted by D&B. This schema typically does not represent a standalone document, but rather is embedded in (referenced by) another schema, where it will often be defined as an array where the data content described by this schema will be one entry in that array.  Note regarding the 'javaType' keyword:  specifying this name controls the naming of generated Java source code so it conforms to Java packaging and naming standards.  In addition, this keyword was necessary to naming the json schema in accordance with the new DA naming standard without impacting the application code that's already been written.  As for the components of the javaType name, 'com' stands for company, 'dnb' for D&B, 'irsch' for iResearch, 'bom' for Busines Object Model, and it ends with the schema name used in the java code.",
	"type": "object",
	"additionalProperties": false,
	"javaType": "com.dnb.irsch.bom.Address",
	"properties": {
		"addressUsageTypeCode": {
			"description": "A code value describing for what purpose the address recorded here is used by the subject, e.g., primary, registered, mailing.  Clarification Note:  this can be set to any of the code values in SCoTS code table 31 [Address Usage Types] that is identified as being applicable to iResearch.",
			"type": "integer",
			"maximum": 9999999
		},
		"streetAddress": {
			"description": "Text specifying the street number and name of this address.  It may contain additional information like a suite number, floor, or other information that helps pinpoint the location.",
			"type": "string",
			"maxLength": 240
		},
		"town": {
			"description": "The name of the town or city recognized by the Postal Authority for delivering mail to this address.",
			"type": "string",
			"maxLength": 64
		},
		"county": {
			"description": "The name of the primary administrative division within the territory or country for this address' location.   As some examples, in the U.S. this would be a county within a state, in the UK this would be a county in one of the Home Nations, and in the Republic Of Ireland, this would be a county and there would be no state.",
			"type": "string",
			"maxLength": 64
		},
		"territory": {
			"description": "The name of the locally governed area that forms part of a centrally governed nation, like a province in Canada (e.g., ON, BC), a state in the United States of America (e.g., NJ, NY), or a home country in the United Kingdom (e.g., England, Wales) where this address is located.",
			"type": "string",
			"maxLength": 64
		},
		"postalCode": {
			"description": "An identifier used by the local country Postal Authority to identify the particular geographic location where this address is located, e.g., the zip code in the United States.",
			"type": "string",
			"maxLength": 32
		}
	}	
}
