{
    "$schema": "http://json-schema.org/draft-04/schema#",
    "description": "Message used to notify a remote research application that a new case has been assigned to their queue",
    "type":  "object",
    "additionalProperties": false,
    "javaType": "com.dnb.irsch.bom.AssignToRemoteResearcher",
    "properties": 
    {
        "researchRequest": {
            "$ref": "iResearchResearchRequestLayout.json"
        },
		"subjectResearch": {
			"$ref": "iResearchSubjectResearchLayout.json"
		},
		"firmographicsData" : {
			"$ref" : "FirmographicsDataResponse.json"
		},
        "researchResultHist" : {
            "type" : "array",
            "items" : {
                "$ref": "iResearchResearchResultLayout.json"
            }
        },
        "challengeIterationNumber": {
            "description": "The numerical value representing the challenge count.",
            "type": "integer",
            "maximum": 9999999
        },
		"comments" : {
			"type" : "array",
			"items" : {
				"$ref": "comment.json"
			}
		},
        "attachments": {
            "description": "This array records information on all of the stored files that are relevant to this research request.  It includes information such as the location of each file in Amazon's Simple Storage Service (Amazon S3), inside the Amazon Web Services (AWS) cloud, the actual link (url) to the file, the type of attachment, the identity of who was responsible for storing the file, as well as other useful information.",
            "type": "array",
            "items": {
                        "$ref": "attachment.json",
                        "required": [
                            "s3ObjectKey",
                            "url",
                            "attachmentTimestamp",
                            "attachmentSize"
                        ]
            }
        }
    }
}
