{
	"$schema": "http://json-schema.org/draft-04/schema#",
	"description": "This schema records the errors detected by the iResearch application that caused it to drop processing a research request.  Note regarding the 'javaType' keyword:  specifying this name controls the naming of generated Java source code so it conforms to Java packaging and naming standards.  In addition, this keyword was necessary to naming the json schema in accordance with the new DA naming standard without impacting the application code that's already been written.  As for the components of the javaType name, 'com' stands for company, 'dnb' for D&B, 'irsch' for iResearch, 'bom' for Busines Object Model, and it ends with the schema name used in the java code.",
	"type": "object",
	"additionalProperties": false,
	"javaType": "com.dnb.irsch.bom.RequestRejection",
	"properties": {
		"rejectionReasonCode": {
			"description": "A code explaining why this research request was dropped from processing by the iResearch application, e.g., Data Validations Failed, Out of scope request, Provided D-U-N-S not in database.  The codes recorded here come from SCoTS Code Table 310 [Process Error Reason]; only codes identified as applicable to iResearch are possible (and in fact, it may just be a subset of the iResearch applicable codes that are valid here).",
			"type": "integer",
       		"maximum": 9999999
		},
		"rejectionErrors": {
			"description": "An array recording all the problems that the iResearch application identified with the data that was provided for this batch research request.  There will be an entry here for each problem that was detected.",
			"type": "array",
			"minItems": 1,		
			"items": {
				"type": "object",
				"javaType": "com.dnb.irsch.bom.RejectionError",
				"additionalProperties": false,
				"properties": {
					"jsonPathName": {
						"description": "A text string identifying either the name of the GET transaction data element that's invalid, or, in the case of a JSON document, the full hierarchy, including the property name of the problematic field.  Please note:  this property was already named before the GET transactions were introduced, so its name could not be changed as it would have impacted production code.",
						"type": ["string","null"],
						"maxLength": 240
					},
					"errorDescription": {
						"description": "Text explaining what problem was found with the provided data, e.g., Expected a number, Expected a string, Required field missing, Unprintable characters are not allowed.",
						"type": "string",
						"maxLength": 400
					},
					"providedValue": {
						"description": "The actual value that is a problem is recorded here.  The property name associated with this value is located at the end of the JSON Path Name.  Clarification Note:  this value may or may not be in error.  This is because in the event of a cross-field validation, it is possible that the error is actually with one of the other fields and not the one recorded here.",
						"type": ["string","null"],
						"maxLength": 4000
					}
				},	
				"required": [
					"jsonPathName", "errorDescription"
				]	
			}
		},
		"rejectionErrorMessage": {
						"description": "Text stating a generic error message in place of capturing the detailed information associated with the rejectionError array because it does not apply.  Examples of what might be recorded here are:  Internal error processing request, Not authorized.  It is generally expected that this will be mutually exclusive with the rejectionError array because the errors recorded here tend to be fatal errors preventing the json request document from being evaluated.",
						"type": "string",
						"maxLength": 400
		}	
	},
	"required": [
		"rejectionReasonCode"
	]			
}
