{
	"$schema": "http://json-schema.org/draft-04/schema#",
	"description": "This schema records information about a stored file that's relevant to the research requested. It provides the identifier for locating the physical file in Amazon's Simple Storage Service (Amazon S3), inside the Amazon Web Services (AWS) cloud, as well as the url that will provide the actual link to the file, and other useful information.  This schema typically does not represent a standalone document, but rather is embedded in (referenced by) another schema, where it will often be defined as an array where the data content described by this schema will be one entry in that array.  Note regarding the 'javaType' keyword:  specifying this name controls the naming of generated Java source code so it conforms to Java packaging and naming standards.  In addition, this keyword was necessary to naming the json schema in accordance with the new DA naming standard without impacting the application code that's already been written.  As for the components of the javaType name, 'com' stands for company, 'dnb' for D&B, 'irsch' for iResearch, 'bom' for Busines Object Model, and it ends with the schema name used in the java code.",
	"type": "object",
	"additionalProperties": false,
	"javaType": "com.dnb.irsch.bom.PartnerAttachment",
	"properties": {
		"s3ObjectKey": {
			"description": "Text identifying the location of the attachment in the AWS (Amazon Web Services) S3 data store.",
			"type": "string",
			"maxLength": 1024
		},
		"url": {
			"description": "The internet address, including the domain, for locating the attachment.",
			"type": "string",
			"maxLength": 2000
		},
		"attachmentTypeCode": {
            "description": "A code identifying the categorization of the attachment, e.g., requestor attachment, researcher documentation, resolution documentation.  Clarification Note:  the value here determines who can view the documentation, e.g., researcher documentation is strictly internal to D&B, while resolution documentation is available internally and to the requestor. The possible values are recorded in SCoTS Code Table 770 [ iResearch Attachment Type].",
			"type": "integer",
			"maximum": 9999999
		},
		"attachmentTimestamp": {
			"description": "The date the attachment was received from the submitter or sent to the submitter.  The value of the From Submitter Indicator specifies the direction in which the attachment had gone.  Clarification Notes:  (1)  the expected format is per ISO 8601 and (2)  the value here is set by the iResearch application service.",
			"type": "string",
			"format": "date-time",
			"pattern": "^[0-9]{4}-[0-1]{1}[0-9]{1}-[0-3]{1}[0-9]{1}T[0-2]{1}[0-9]{1}:[0-5]{1}[0-9]{1}:[0-5]{1}[0-9]{1}[.]{1}[0-9]{3}[+|-]{1}[0-2]{1}[0-9]{1}:[0-5]{1}[0-9]{1}"
		},
		"attachmentSize": {
			"description": "The size of the attachment file, measured in bytes.",
			"type": "integer",
			"maximum": 2999999999		
		},
		"filename" : {
			"description" : "The name of the file being attached, ending with its file extension name (e.g., doc, exe, pdf, jpg).",
			"type": "string",
			"maxLength": 250		
        }
	},
	"required": [
		"attachmentTimestamp",
		"attachmentSize"
	]		
}
