{
	"$schema": "http://json-schema.org/draft-04/schema#",
	"description": "This API is the response to the iResearchRetrieveCaseSummaryApiRequest.",
	"type": "object",
	"additionalProperties": false,
	"properties": {
		"rejectionInformation": {
			"description": "A json object identifying the business that the requester believes either has acquired the subject organization or merged with the subject organization.",
			"$ref": "iResearchRequestRejectionLayout.json"
		},
        "hasNextPage": {
            "description": "When turned ON (set to true), it means that the result set needs to continue to another 'page', meaning that another request has to be made if the retrieval requester wants to see more, or the rest, of the results.  When turned OFF (set to false), it means that this response either has the complete result set or it has completed the initial request (i.e., it is the last page).",
            "type": "boolean"
        },          
         "lastIdForPage": {
            "description": "This is the value of the last Research Request Identifier included in this response.  It is used for pagination (as the results may potentially span multiple pages), where this value will be used in a request to get the next 'page' of data.  The next set of results will start with the first Research Request Identifier following the one recorded here.  For continuity, this is the only criterion whose value is expected to change in the request for all the pages to be returned.",
            "type": "integer",
            "minimum": 10000,
            "maximum": 999999999
        },
        "totalResearchRequestsCount": {
            "description": "The total number of Research Requests satisfying the retrieval request whether or not they all fit in this response document.  Please Note:  this count is only returned for requests asking for Open-only research cases because if closed cases were included or specifically requested it could potentially cause unacceptable delays in returning the response based on the sheer volume of closed cases in the database.",
            "type": "integer",
            "maximum": 999999999
        },
		"partnerSummarizedResearchCases": {
			"type": "array",
			"minItems": 0,
			"items": {
				"type": "object",
				"additionalProperties": false,
				"properties": {
                    "researchRequest": {
                        "$ref": "iResearchPartnerResearchRequestLayout.json"
                    },
					"subjectResearch": {
						"$ref": "iResearchPartnerSubjectResearchSummaryLayout.json"
					}
				}
			}
		}
	}
}