{
    "$schema": "http://json-schema.org/draft-04/schema#",
    "description": "This schema is for documentation purposes only, describing the parameters that are provided in a GET request for retrieving high level summary information on one, or more often, on multiple research requests; there is no json document that is ever produced corresponding to this schema.  The targeted research requests were previously submitted by this particular requester, or possibly by anyone in that requester's submission team.  The requester can specify various criteria that will filter which requests are returned.  As an example the request may be to return all of the closed requests submitted by the requester from the previous calendar quarter in descending date order.  Here are the guidelines for filling out the criteria for this request:  (1) both the requestorOwnRequestKey and the researchRequestId are optional and only one of the two should ever be provided and (2) it is expected if the researchRequestId is provided then: (a) the Starting and End Periods will not be provided (i.e., so the request will be returned regardless of when it was submitted) and (b) the requestStatusTypeCode will not be provided (i.e., the request will be returned whether it is open or closed).  Please note that criteria in an iResearch retrieval request API are always treated as a series of boolean 'AND' conditions, so all conditions have to be met for any data to be returned.  Please note that the results for the request may need to span multiple 'pages' (i.e., technically, multiple response documents) to provide the complete result set, in which case a separate request has to be made for each 'page' (portion of the results).  In many cases this may not actually be necessary because the page size (i.e., the maximum number of requests per page) is set high enough that it could often accommodate all of the research requests in a single retrieval request, especially along with the filtering the requester may have specified to reduce what's returned.  Refer to the description for the lastIdForPage property for additional information on handling multiple pages.",
    "type":  "object",
	"additionalProperties": false,
    "properties": 
    {
        "startReportingPeriodDate": {
            "description": "The date specifying the oldest request that can possibly be returned, meaning no requests submitted before this date will be returned.  If the endReportingPeriodDate property is also specified, it defines the end of the date range being considered.  If this property is specified, but the endReportingPeriodDate is not, then any request submitted between this date and the current date is considered for being returned in the response.",
            "type": "string",
            "minLength": 10,
            "maxLength": 10,
            "pattern": "^[0-9]{4}-[0-1]{1}[0-9]{1}-[0-3]{1}[0-9]{1}$",
            "format": "date-time"
        },
        "endReportingPeriodDate": {
            "description": "The date specifying the most recent request that can possibly be returned, meaning no requests submitted after this date will be returned. If the startReportingPeriodDate property is also specified, it defines the beginning of the date range being considered.  If this property is specified, but the startReportingPeriodDate is not, then any request whose submission predates the date here is considered for being returned in the response.",
            "type": "string",
            "minLength": 10,
            "maxLength": 10,
            "pattern": "^[0-9]{4}-[0-1]{1}[0-9]{1}-[0-3]{1}[0-9]{1}$",
            "format": "date-time"
        },
        "closedPeriodStartingDate": {
        	"description": "The date specifying the oldest date a request could have been closed when considering which research requests can be returned based on all of the criteria provided in this retrieval request, meaning no requests that are identified as closed prior to this date will be returned, nor will any open requests.  If the closedPeriodEndingDate property is also specified, it defines the end of the date range being considered.  If this property is specified, but the closedPeriodEndingDate is not, then any request closed between this date and the current date is considered for being returned in the response.",
            "type": "string",
            "minLength": 10,
            "maxLength": 10,
            "pattern": "^[0-9]{4}-[0-1]{1}[0-9]{1}-[0-3]{1}[0-9]{1}$",
            "format": "date-time"	
        },
        "closedPeriodEndingDate":{
        	"description": "The date specifying the most recent date a request could have been closed when considering which research requests can be returned based on all of the criteria provided in this retrieval request, meaning no requests that are identified as closed after this date will be returned, nor will any open requests.  If the closedPeroidStartingDate is also specified, it defined the beginning of the date range being considered.  If this property is specified, but the closedPeroidStartingDate is not, then it doesn't matter how long ago a request was closed for it to be considered for being returned in the response as long as it predates the date here.",
            "type": "string",
            "minLength": 10,
            "maxLength": 10,
            "pattern": "^[0-9]{4}-[0-1]{1}[0-9]{1}-[0-3]{1}[0-9]{1}$",
            "format": "date-time"	        	
        },
		"requestedStatusTypeCode": {
			"description": "A code specifying which research requests should be returned based on their status:  closed research requests or open research requests.  If this optional property is not provided, then both open and closed research requests are eligible to be returned in the response.  Clarification Notes:  (1) the possible SCoTS code values here are:  34262 [Only Open Items], 33626 [Challenged], or 34263[Only Closed Items] and (2) there isn't any iResearch status code specifically for 'open', and instead there are a number of status codes that equate to the request being open, e.g., received, in progress.",
			"type": "integer",
			"maximum": 9999999
		},
		"requestorOwnRequestKey": {
        	"description": "A number or text string provided by the requester identifying how the request is (or requests are) known in their system. This is passthrough data that is not used by D&B for conducting research and is instead available for retrieving data and is returned with the D&B resolution so the requester can put the returned information in the proper context, i.e., how the request is known at their location.  Clarification Note:  though this data element is intended to identify a specific request, there is no way to control how the requester has used this data element, so the iResearch service allows for the possibility that a submitter may have used the same value for multiple requests.",
        	"type": "string",
        	"maxLength": 32
        },
        "customerReferenceName": {
            "description": "Text optionally supplied by the requester describing the customer on whom they submitted the request on behalf of, for their own use, from their own perspective. May contain a user id, email address, or any other sort of key useful to the requester. It is pass through data that is returned to the requester along with the D&B resolution; it has no bearing on the processing done by D&B and might not be meaningful to anyone other than the requester.",
            "type": "string",
            "maxLength": 256
        },
        "researchRequestId": {
        	"description": "A D&B-assigned number uniquely identifying a particular research request. This parameter can not be combined with any other request parameters except isMyRequestsOnly.",
            "type": "integer",
            "minimum": 10000,
            "maximum": 999999999
        },
		"pageSize": {
           "description": "The number of requests to be returned on a page.  If this property is not specified (it is optional), then the value will default to 1000.  This property is optional.",
 			"type": "integer",
			"maximum": 1000
		},
        "lastIdForPage": {
            "description": "For pagination (as the results may potentially span multiple pages), the value here will determine which page of data will be returned.  If this is the first 'call' for the retrieval request, the value here needs to be set to 0, which will return the first page.  The returned results will identify if the results span multiple pages or if they were all contained within the first page.  If all the research requests were returned on the first page, no additional retrieval requests are needed.  However, if there is data for one or more additional pages, to get the data for the next page, the value populated here needs to be the last research request identifier that was returned (i.e., the lastIdForPage from the most recent research summary retrieval response).  This will cause the results to start with the next research request.  This is done repeatedly, each as a separate request, until the final page has been requested.  It is expected that all the other criteria defined in this schema will be identical from one page request to the next, e.g., the reporting period should not be changed between the request for page 1 and the request for page 2.  This property is optional; if it is not provided, it will be defaulted to 0.",
            "type": "integer",
            "minimum": 10000,
            "maximum": 999999999
        },
		"isAscendingSortOrder": {
			"description": "When turned ON (set to true), the requests will be returned in order from oldest to newest (based on when they were submitted).  When turned OFF (set to false), the requests will be returned in order from newest to oldest (based on when they were submitted).  The default will be the ON setting.  This property is optional.",
            "type": "boolean"
		},
		"isMyRequestsOnly": {
			"description": "When turned ON (set to true), the requester is only interested in research requests being returned where the requester was the actual submitter of those requests.  When turned OFF (set to false), the requester is interested in getting all the research requests satisfying the specified criteria that were submitted by anyone on their submission team.  Clarification Note:  if the requester is not a member of a submission team, then the requester will effectively be treated as a team of one. The default setting is ON (true).  This property is optional",
			"type": "boolean"
		}
    }
}