{
	"$schema": "http://json-schema.org/draft-04/schema#",
	"description": "This schema records information on a research challenge that has been raised on the case.  This schema typically does not represent a standalone document, but rather is embedded in (referenced by) another schema, where it will often be defined as an array where the data content described by this schema will be one entry in that array.  Note regarding the 'javaType' keyword:  specifying this name controls the naming of generated Java source code so it conforms to Java packaging and naming standards.  In addition, this keyword was necessary to naming the json schema in accordance with the new DA naming standard without impacting the application code that's already been written.  As for the components of the javaType name, 'com' stands for company, 'dnb' for D&B, 'irsch' for iResearch, 'bom' for Busines Object Model, and it ends with the schema name used in the java code.",
	"type": "object",
	"additionalProperties": false,
	"javaType": "com.dnb.irsch.bom.ResearchChallenge",
	"properties": {
		"challengeOpenedTimestamp": {
			"description": "The date and time when the requestor challenged (or rechallenged) the research results for this Subject Research entry.  Clarification Notes:  (1) the value here is set by the iResearch application service and (2) this is a required data element for a challenge (or rechallenge).",
            "type": "string",
            "maxLength": 29,
            "format": "date-time"
		},
		"challengeReasonCode": {
			"description": "A code specifying why the requestor is challenging the resolution of this case.  Here are examples of what this attribute might convey: (1) change not made but info is available that confirms change, (2) change made but it does not match inquiry request, and (3) change is not viewable in product.  The value here comes from SCoTS Code Table 765 [iResearch Challenge Reason].  Clarification Note:  this is a required data element for a challenge (or rechallenge).",
            "type": "integer",
            "maximum": 9999999
		},
		"challengeDueDate":{
			"description": "The date which this challenge is expected to be resolved.  Clarification Notes:  (1)  the value here is derived by the the app service (2) the app service adds the number of days defined by the business (e.g., 5 days) to the date when the challenge was made to the produce the date  recorded here, and (3) it is a required data element for a challenge (or rechallenge).  This field will be filled in only for limited users.",
			"type": "string",
			"maxLength": 10
		},
		"InternalChallengeResolution": {
			"description": "A code used to record the challenge resolution for internal purposes only.  The value here comes from SCoTS Code Table 773 [iResearch Sub Resolution].",
            "type": "integer",
            "maximum": 9999999
		}
	}
}
