{
    "$schema": "http://json-schema.org/draft-04/schema#",
    "description": "This is an API (Application Program Interface) request for an existing subject research to be challengedresearch to be performed by Dun & Bradstreet on a subject organization.  It comes to the iResearch application through one of D&B's product systems.",
    "type":  "object",
  	"additionalProperties": false,
    "properties": 
    {
        "subjectResearchId": {
            "description": "A number that uniquely identifies the iResearch subject research to be updated.",
            "type": "integer",
            "maximum": 999999999
        },
        "challengeReasonCode": {
            "description": "A code specifying why the requestor is challenging the resolution of this case.  Here are examples of what this attribute might convey: (1) change not made but info is available that confirms change, (2) change made but it does not match inquiry request, and (3) change is not viewable in product.  The value here comes from SCoTS Code Table 765 [iResearch Challenge Reason].  Clarification Note:  this is a required data element for a challenge (or rechallenge).",
            "type": "integer",
            "maximum": 9999999
        },
        "researchComments": {
            "description": "An array of one or more remarks entered to further explain the request.  Please note:  if an empty array is provided, it is accepted without any issue.",
            "type": "array",
            "minItems": 1,
            "maxItems": 1,
            "items": {
                "type": "object",
                "additionalProperties": false,
                "javaType": "com.dnb.irsch.bom.ResearchComment",
                "properties": {
                    "commentTypeCode": {
                        "description": "A code specifying the nature of this research comment.  For challenges, this should be limited to 33594 [Challenge Comment]. The possible values are recorded in SCoTS Code Table 761 [ iResearch Comment].",
                        "type": "integer",
                        "maximum": 9999999  
                    },
                    "researchComment": {
                        "description": "Text entered by a requestor, a submitter on behalf of a requestor, or a researcher with information pertinent to conducting the research or reporting on its results.  As some examples, it may be an explanation for a challenge, information on what the data should be instead, a message that the data change cannot be seen, or a resolution comment.",
                        "type": "string",
                        "minLength": 1,
                        "maxLength": 4000
                    }
                },
                "required": [
                    "commentTypeCode",
                    "researchComment"
                ]
            }
        },
        "requestAttachmentLinks": {
            "description": "An array of files which the submitter would like to attach to the research request, that have material relevant to the subject organization as supporting documentation for a research request.",
            "type": "array",
            "maxItems": 1,
            "items": {
                "type": "object",
                "additionalProperties": false,
                "javaType": "com.dnb.irsch.bom.RequestAttachmentLink",
                "properties": {
                    "attachmentName": {
                        "description": "Name of the file to be uploaded. Each file has a limit of 5MB in size and each file name should be unique for this request. Only the following file extensions will be accepted: 'txt','jpg','jpeg','png','doc','docx','xls','xlsx','ppt','pptx','pdf','csv','gif','dat'",
                        "type": "string",
                        "maxLength": 194
                    }
                },
                "required": [
                    "attachmentName"
                ]
            }
        }
	},
	"required": ["subjectResearchId","challengeReasonCode", "researchComments"]	
}



