{
	"$schema": "http://json-schema.org/draft-04/schema#",
	"description": "This schema records basic identity information (e.g., its D-U-N-S Number, name, address, telephone) regarding an organization that has some association with the subject of interest for research, e.g., the acquiring business, the owner business, a child organization. This schema typically does not represent a standalone document, but rather is embedded in (referenced by) another schema, where it may be defined as an array where the data content described by this schema will be one entry in that array.  Note regarding the 'javaType' keyword:  specifying this name controls the naming of generated Java source code so it conforms to Java packaging and naming standards.  In addition, this keyword was necessary to naming the json schema in accordance with the new DA naming standard without impacting the application code that's already been written.  As for the components of the javaType name, 'com' stands for company, 'dnb' for D&B, 'irsch' for iResearch, 'bom' for Busines Object Model, and it ends with the schema name used in the java code.",
	"type": "object",
	"additionalProperties": false,
	"javaType": "com.dnb.irsch.bom.OrganizationIdentity",
	"properties": {
		"duns": {
			"description": "The Dun & Bradstreet proprietary number assigned in accordance with the Data Universal Numbering System that uniquely identifies the organization.  Design Note: this has been defined as string data to record leading zeros. The User Interface (UI) will ensure that the string is 9 numeric digits. The extra 2 characters are in the event the D-U-N-S Number size is ever expanded.",
			"type": "string",
			"maxLength": 11
		},
		"organizationName": {
			"description": "Text specifying the name of the organization.",
			"type": "string",
			"maxLength": 240
		},
		"countryCode": {
			"description": "The ISO 2-alpha code specifying the country where the organization is located.",
			"type": "string",
			"minLength": 2,
			"maxLength": 2			
		},
		"address": {
			"description": "Data elements specifying the address of the organization, e.g., its street address, town, territory, and postal code.",
			"type": "object",
			"$ref": "iResearchAddressLayout.json"
		},
		"telephone": {
			"description": "Data elements specifying the telephone of the organization.",
			"type": "object",
			"$ref": "iResearchTelephoneLayout.json"
		}
	}	
}

