{
    "$schema": "http://json-schema.org/draft-04/schema#",
    "description": "This schema has the information returned to the requester of an iResearch Challenge Subject Research Request in response to that request.  It will contain error information or it may provide attachment pre-signed URLs if requested.",
    "type":  "object",
	"additionalProperties": false,
    "properties": 
    {
		"rejectionInformation": {
			"description": "A json object identifying the business that the requester believes either has acquired the subject organization or merged with the subject organization.",
			"$ref": "iResearchRequestRejectionLayout.json"
		},
        "attachmentLinkSignedUrls": {
            "description": "An array of pre-signed URLs generated by the system to allow an attachment to be uploaded to iResearch that have material relevant to the subject organization as supporting documentation for a research request. One URL will be provided for each attachment link that was requested.",
            "type": "array",
            "items": {
                "$ref": "iResearchAttachmentLinkSignedUrlLayout.json"
            }
        }
    }
}