{
	"$schema": "http://json-schema.org/draft-04/schema#",
	"description": "This is the definition of the json object storing a research comment for one DUNS in the linkageNode array.",
	"type":  "object",
	"additionalProperties": false,
	"javaType": "com.dnb.irsch.bom.LinkageComment",	
    "properties": {
		"researchComment": {
			"description": "Text entered by a requestor, a submitter on behalf of a requestor, or a researcher with information pertinent to conducting the research or reporting on its results.  As some examples, it may be an explanation for a challenge, information on what the data should be instead, a message that the data change cannot be seen, or a resolution comment.",
			"type": "string",
			"maxLength": 4000
		},
		"commentTypeCode": {
			"description": "A code specifying the nature of this research comment.  Here are possible examples:  (1) Research Requester Comment, (2) Internal Researcher Comment, (3) Resolution Comment, (4) Communication Comment, and (5) QA Comment.  The possible values are recorded in SCoTS Code Table 761 [ iResearch Comment].",
			"type": "integer",
			"maximum": 9999999	
		},
		"nodeId": {
			"description": "A UUID (universally unique identifier) that uniquely identifies the LinkageNode record this comment is associated with. example:89D9FCB7DDD6484EA885A06090AB1DFF",
			"type": "string"
		},
		"commentId": {
			"description": "The comment identifier for the comment to be updated. Do not fill this in if this is a new comment to be added; it is only used when updating an existing comment. The subjectResearchId and commentTypeCode specified when originally adding the comment must be the same as the original comment; only the researchComment contents or duns may change.",
			"type": "integer",
			"maximum": 999999999
		}
    },
    "required": [ "nodeId" ]
}
