{
	"$schema": "http://json-schema.org/draft-04/schema#",
	"description": "This schema records a batch customer and will be used by researcher and admins for get-next related functionality.",
	"type": "object",
	"additionalProperties": false,
	"javaType": "com.dnb.irsch.bom.BatchCustomer",
	"properties": {
		"customerName": {
			"description": "The customer name.",
            "type": "string",
            "maxLength": 250
		},
        "batchRequestId": {
            "description": "A number that uniquely identifies the iResearch batch.",
            "type": "integer",
            "minimum": 1000,
            "maximum": 999999999
        }
	}	
}
