{
    "$schema": "http://json-schema.org/draft-04/schema#",
    "description": "Response from keepaliveService based on action requested.",
    "type":  "object",
    "additionalProperties": false,
    "properties": 
    {
        "errorResponse": {
            "$ref": "errorResponse.json"
        },
        "warningResponse": {
            "$ref": "warningResponse.json"
        },
        "maintenanceOutagesData": {
			"description": "Returns array of upcoming maintenance window outages entered by super admins whenever a keepalive action is to extend user session.",
			"type": "array",
			"items": {
				"type": "object",
				"additionalProperties": false,
				"properties": {
					"mntnWindowId": {
						"description": "A number uniquely identifying a maintenance window outage row within iResearch's mntn_wndw database table.",
						"type": "integer",
						"maximum": 9999999
					},
					"mntnStartDate": {
						"description": "A numeric value specifying the UTC timestamp (date & time e.g. '2021-03-14 11:50:00') of when the maintenance outage lockout will begin.  It is recommended to have this outage start time be specified as 10 minutes for the actual maintenance start time in order to allow sufficient time to lockout users before the outage begins. Non-maintenance users will no longer be allowed to access the UI once this time starts.",
						"type": "string",
						"format": "date-time"
					},
					"mntnEndDate": {
						"description": "A numeric value specifying the UTC timestamp (date & time e.g. '2021-03-14 16:00:00') of when the maintenance outage lockout will end.  It is recommended to have this outage end time be specified at least 4 hours after the scheduled maintenance start time to allow adequate time for testing and unplanned checkout time.  Non-maintenance users will not be allowed to access the UI until this end time expires.",
						"type": "string",
						"format": "date-time"
					},
					"mntnLockoutWarningMinutes": {
						"description": "A numeric value specifying the number of minutes before the 'mntnStartDate' when users should begin receiving regular 5 minute interval notifications that the maintenance outage lockout is approaching.  i.e. 60, would indicate that users should begin receiving regular toaster popup warnings 1 hour before the maintenance start time.",
						"type": "integer",
						"maximum": 999
					},
					"mntnWindowLastModified": {
						"description": "A numeric value specifying the modified timestamp of this mntn_wndw row",
						"type": "integer",
						"maximum": 9999999999
					},
					"messageBanner": {
						"description": "Information for a banner message that will display to users informing them proactively of an upcoming maintenance outage window in iResearch.",
						"type": "object",
						"additionalProperties": false,
						"properties": {
							"bannerTitle": {
								"description": "A text string that is used as the primary heading or title that will display within a banner.",
					            "type": "string",
					            "maxLength": 100
							},
							"bannerMessage": {
								"description": "A text string that provides descriptive text or an instructional message that will display within a banner.",
					            "type": "string",
					            "maxLength": 1000
							},
							"bannerSeverity": {
								"description": "A text string that identifies a background color for the banner message where the color is intended to visually communicate the severity (i.e. level of importance) of the message to a user.  'Success' (i.e. light green background for banner message) will indicate that the message has no severity and can be used to communicate a goal or benchmark that has been accomplished. 'Info' (i.e. light blue background for banner message) will indicate a very low level of severity and should include informational text or information instructing/ guiding a user how to perform an action.  'Alert' (i.e. dark blue background for banner message) will indicate a low level of severity and should indicate an alert to the user such as an upcoming change or approaching deadline or an action that can / should be taken. 'Caution' (i.e. amber background for banner message) will indicate a medium level of severity and serve as a cautionary message.  'Warning' (i.e. red background for banner message) will indicate a medium-high level of severity and should serve as a warning message to the user.  'Danger' (i.e. red background for banner message) will indicate a message of the highest priority where the user is informed of an immediate impact that they will face. 'Outage' will indicate an upcoming outage and will display a scrolling marquee message with the upcoming outage information.",
					            "type": "string",
					            "maxLength": 9
							},
							"bannerDismissable": {
								"description": "When turned ON (set to true) it means that an alert message will display a close indicator that allows the user to remove the banner from it's current displayed location.",
	            				"type": "boolean"
							},
							"bannerStartDate": {
								"description": "A numeric value specifying the UTC timestamp (date & time e.g. '2021-03-07 11:50:00') of when the banner message for the upcoming maintenance outage should begin displaying in the iResearch UI.",
								"format": "date-time",
								"pattern": "YYYY-MM-DDThh:mm:ss.sss±hh:mm"
							},
							"bannerEndDate": {
								"description": "A numeric value specifying the UTC timestamp (date & time e.g. '2021-03-14 11:50:00') of when the banner message for a maintenance outage should no longer display in the iResearch UI. This should be scheduled ideally for the time the outage starts as users will be locked out at that point and will not be able to access the application until the maintenance window expires.",
								"format": "date-time",
								"pattern": "YYYY-MM-DDThh:mm:ss.sss±hh:mm"    
							},
							"bannerActive": {
								"description": "A numeric value representing a boolean value of false when set to 0 and true when set to 1. When banner is active it will display when the bannerStartDate is reached and stop displaying when the bannerEndDate has been passed.  If no bannerStartDate or bannerEndDate is specified then the banner will display indefinitely.",
					            "type": "integer",
					            "minimum": 0,
					            "maximum": 1
					        },
					        "bannerLastModified": {
								"description": "A numeric value specifying the modified timestamp of the message banner associated with the maintenace window.  A maintenance window can be updated without updating it's associated alert banner message.'",
								"type": "integer",
								"maximum": 9999999999
							}
						}
					}
				}
			}
		}
    }
}
