{
	"$schema": "http://json-schema.org/draft-04/schema#",
	"description": "This is the definition for the json schema that is used to request an email notification be sent to a user.",
	"type": "object",
	"additionalProperties": false,
	"properties": {
		"researchRequestId": {
            "description": "A number that uniquely identifies the iResearch request.  Clarification Note: One of the four fields researchRequestId, subjectResearchId, batchRequestId, and batchRequestRejectId must be present, but not more than one of them.",
			"type": "integer",
			"minimum": 10000,
            "maximum": 999999999
		},
		"subjectResearchId": {
			"description": "A number that uniquely identifies the iResearch subject research.  Clarification Note: One of the four fields researchRequestId, subjectResearchId, batchRequestId, and batchRequestRejectId must be present, but not more than one of them.",
			"type": "integer",
			"minimum": 10000,
            "maximum": 999999999
        },
        "batchRequestId": {
            "description": "A number that uniquely identifies the batch request.  Clarification Note: One of the four fields researchRequestId, subjectResearchId, batchRequestId, and batchRequestRejectId must be present, but not more than one of them.",
            "type": "integer",
            "minimum": 1000,
            "maximum": 999999999
        },
        "batchRequestRejectId": {
            "description": "A number that uniquely identifies the request reject.  Clarification Note: One of the four fields researchRequestId, subjectResearchId, batchRequestId, and batchRequestRejectId must be present, but not more than one of them.",
            "type": "integer",
            "minimum": 1,
            "maximum": 999999999
		},
		"notificationTypeCode": {
			"description": "A code value describing the type of notification that needs to be sent to the user.",
			"type": "integer",
			"maximum": 9999999
		},
		"roles": {
			"description": "A list of roles that should get this notification.",
			"type": "array",
			"items": {
				"type": "string",
				"maxLength": 240
			}				
		},
		"s3ObjectKey": {
			"description": "Text identifying the location of the attachment in the AWS (Amazon Web Services) S3 data store.",
			"type": "string",
			"maxLength": 1024
		}
	}	
}
