{
    "$schema": "http://json-schema.org/draft-04/schema#",
    "description": "Request sent to the RecordLoginHandler to record information about the user (invoked by IResearchAuthentication lambda upon login). This structure is also used to decode the principalId from the authorizer request context.",
    "type": "object",
	"additionalProperties": false,
    "properties": {
        "iss": {
            "description": "The issuer of the jwt.",
            "type": "string"
        },
        "jti": {
            "description": "Json web token base-64 encoded key (only in principalId, not in RecordLoginHandler body).",
            "type": "string"
        },
        "user_type": {
            "description": "Type of user, UI or CS (only in principalId, not in RecordLoginHandler body).",
            "type": "string"
        },
        "given_name": {
            "description": "First name of the user (only in RecordLoginHandler, not in principalId).",
            "type": "string"
        },
        "family_name": {
            "description": "Last name of the user (only in RecordLoginHandler, not in principalId).",
            "type": "string"
        },
        "email": {
            "description": "Email address of the user.",
            "type": "string"
        },
        "company": {
            "description": "Organization the user belongs to (provided at this level when using OIDC v1).",
            "type": "string"
        },
        "params": {
            "type": "object",
            "additionalProperties": false,
            "properties": {
                "company": {
                    "description": "Organization the user belongs to (provided at this level when using OIDC v2).",
                    "type": "string"
                }
            }
        },
        "groups":{
            "description":  "all groups (roles) that the user belongs to (both from IDaaS and iResearch roles).",
            "type": "array",
            "minItems": 1,
            "items": {
                "type": "string"
            }
        },
        "oneLoginJwtObj": {
            "description": "OneLogin Json Web Token (from body json)",
            "type": "string"
        },
        "authPrinIdObj": {
            "description": "Authorizer Principal Identifier (from dnb_jwt_body json)",
            "type": "string"
        },
        "reqsHdrObj": {
            "description": "Request headers (from aws_event.headers json)",
            "type": "string"
        },
        "exp": {
            "description": "Expiration time of the session, expressed in seconds since Jan. 1 1970 epoch.",
            "type": "integer"
        },
        "loginKey": {
            "description": "Text provided by the user that uniquely identifies themself (in the case of a person) or itself (in the case of a system) to the iResearch UI or the product system (e.g., D&B Direct+) for authentication, where this string might be, as some examples, a client identifier or an email address.",
            "type": "string",
            "maxLength": 254
        },
        "country": {
            "description": "2-character ISO2 country code of the requester's country'.",
            "type": "string",
            "maxLength": 2
        },
        "idaas_groups":{
            "description":  "iDAAS groups (roles) that the user belongs to.",
            "type": "array",
            "items": {
                "type": "string"
            }
        },
        "irsch_groups":{
            "description":  "iResearch groups (roles) that the user belongs to.",
            "type": "array",
            "items": {
                "type": "string"
            }
        },
        "routing_categories":{
            "description":  "Submitter Routing Categories that the submitter belongs to.",
            "type": "array",
            "items": {
                "type": "integer"
            }
        },
        "subtype_groups":{
            "description":  "groups identifying the research subtypes the submitter can submit.",
            "type": "array",
            "minItems": 0,
            "items": {
                "type": "integer"
            }
        },
        "applicationId":{
            "description": "The number used to identify the application the user logged in with, if an API user (must match a valid dnb_app_id in api_app_entl table).",
            "type": "integer",
            "maximum": 99999
        },
        "team_groups":{
            "description":  "groups identifying the teams for which user can view cases for.",
            "type": "array",
            "minItems": 0,
            "items": {
                "type": "integer"
            }
        },
        "country_groups":{
            "description":  "groups identifying the submitter countries for which user can view cases for.",
            "type": "array",
            "minItems": 0,
            "items": {
                "type": "integer"
            }
        }
    }
}