{
    "$schema": "http://json-schema.org/draft-04/schema#",
    "description": "Response when taking action on a case",
    "type":  "object",
	"additionalProperties": false,
    "properties": 
    {
        "errorResponse": {
            "$ref": "errorResponse.json"
        },
        "warningResponse": {
            "$ref": "warningResponse.json"
        },
        "researchUserId": {
            "description": "A number uniquely identifying this user.  It has been assigned by the iResearch Database Management System (DBMS).",
            "type": "integer",
            "maximum": 9999999
        }
    }
}
