{
	"$schema": "http://json-schema.org/draft-04/schema#",
	"description": "This schema records information about a single event that occurs in iResearch. This record will be used to communicate the event to downstream systems.",
	"type": "object",
	"additionalProperties": false,
	"javaType": "com.dnb.irsch.bom.researchnotification.request.RequestResearchNotification",
	"properties": {
		"notificationId": {
			"description": "A UUID (universally unique identifier) that uniquely identifies this record. example:89D9FCB7DDD6484EA885A06090AB1DFF",
			"type": "string"
		},
		"notificationTypeCode": {
			"description": "Describes the type of event that is being recorded.",
			"type": "integer",
			"maximum": 9999999
		},
		"usage": {
			"description": "Data primarily having to do with usage.",
			"javaType": "com.dnb.irsch.bom.researchnotification.Usage",
			"type": "object",
			"properties": {
				"investigationPriorityTypeCode": {
					"description": "A billing priority code.",
					"type": "integer",
					"maximum": 9999999
				},
				"investigationCompletionTypeCode": {
					"description": "A code that describes how the research/investigation was completed.",
					"type": "integer",
					"maximum": 9999999
				},
				"investigationTypeCode": {
					"description": "A code that describes type of research/investigation. Will be null for new duns linkage.",
					"type": "integer",
					"maximum": 9999999
				},
				"investigationBillingProductCode": {
					"description": "A code that represents the billing product code.",
					"type": "integer",
					"maximum": 9999999
				},
				"orderChargingIndicator": {
					"description": "Order charging indicator.",
					"type": "string"
				},
				"quantity": {
					"description": "Quantity.",
					"type": "integer",
					"maximum": 9999999
				},
				"investigationHierarchyTypeCode": {
					"description": "Investigation type hierarchy code.",
					"type": "integer",
					"maximum": 9999999
				}
			},
			"required": [
				"investigationPriorityTypeCode",
				"investigationCompletionTypeCode",
				"investigationBillingProductCode",
				"orderChargingIndicator",
				"quantity",
				"investigationHierarchyTypeCode"
			],
			"additionalProperties": false
		},
		"request": {
			"description": "Data specifying the investigation/reasearch request that was made.",
			"type": "object",
			"properties": {
				"requestMethodCode": {
					"description": "A code specifying one of the possible ways for someone to enter a query to question data that is in D&B's business files, or to get information that is not presently in D&B's business files, that will cause D&B to conduct research.",
					"type": "integer",
					"maximum": 9999999
				},
				"researchRequestId": {
					"description": "A number that uniquely identifies the iResearch request to which this investigation belongs.",
					"type": "integer",
					"minimum": 10000,
					"maximum": 999999999
				},
				"cases" : {
					"description": "A list containing cases for given researchRequestId",
					"type": "array",
					"items": {
						"type": "object",
                        "additionalProperties": false,
                        "properties": {
							"subjectResearchId": {
								"description": "A number that uniquely identifies the iResearch case to which this investigation belongs.",
								"type": "integer",
								"minimum": 10000,
								"maximum": 999999999
							},
							"researchTeamName": {
								"description": "Name of the iResearch team that resolved the investigation.",
								"type": "string"
							},
							"researchTypes": {
								"description": "An array of (json documents) research types that identify all the research that is to be conducted on the subject. It also records the resolution code, and possibly the sub-resolution code, for each research type once the research is concluded.",
								"type": "array",
								"items": {
									"$ref": "iResearchResearchTypeLayout.json"
								}
							},
							"researchResult": {
								"description": "An array of (json documents) research types that identify all the research that is to be conducted on the subject. It also records the resolution code, and possibly the sub-resolution code, for each research type once the research is concluded.",
								"$ref": "iResearchResearchResultLayout.json"
							},
							"comments" : {
								"type" : "array",
								"items" : {
									"$ref": "comment.json"
								}
							},
							"contactEntries" : {
								"type" : "array",
								"items" : {
									"$ref": "ContactEntry.json"
								}
							},
							"researcher" : {
								"description": "A json object identifying and describing the researcher currently assigned to work on this subject research (case).",
								"$ref": "iResearchResearchUserLayout.json"
							}
                        }
					}
				},
				"researchCreationTimestamp": {
					"description": "The date and time when research was created in the iResearch database.",
					"type": "string"
				},
				"researchSatisfiedTimestamp": {
					"description": "The date and time when research was resolved in iResearch.",
					"type": "string"
				},
				"researchCompletionTimestamp": {
					"description": "The date and time when research was resolved in iResearch.",
					"type": "string"
				},
				"previousResearchStatusCode": {
					"description": "The previous iResearch internal status code.",
					"type": "integer",
					"maximum": 9999999
				},
				"currentResearchStatusCode": {
					"description": "The current iResearch internal status code.",
					"type": "integer",
					"maximum": 9999999
				},				
				"orderReasonCode": {
					"description": "A code specifying the order reason code. Values come from scots table 150 (order reason).",
					"type": "integer",
					"maximum": 9999999
				},
		        "customerReferenceEmail": {
		            "description": "Text optionally supplied by the requester describing the customer email on whom they submitted the request on behalf of, for their own use, from their own perspective. It is pass through data that is returned to the requester along with the D&B resolution; it has no bearing on the processing done by D&B and might not be meaningful to anyone other than the requester.",
		            "type": "string",
		            "maxLength": 256
		        },
		        "userAPIKeyType": {
		            "description": "This is at Subscriber level. A subscriber can have multiple API Keys – each being either a Dev Key or a Prod Key. The API Key is linked to the subscriber. One subscriber can have multiple keys. It is pass through data that is returned to the requester along with the D&B resolution.",
		            "type": "string",
		            "maxLength": 64
		        },
		        "sessionGuid": {
		        	"description": "IDaaS assigned GUID for this session - needed for datablock requests. It is pass through data that is returned to the requester along with the D&B resolution.",
		        	"type": "string",
		        	"maxLength": 1000
		        },
		        "subscriberDRT": {
		        	"description": "IDaaS Domain Record Type (DRT) for this subscriber - required for datablock requests. It is pass through data that is returned to the requester along with the D&B resolution.",
		        	"type": "string",
		        	"maxLength": 1000
		        },
		        "requestorPreferredLanguageCode": {
		            "description": "A code specifying in which language the requestor wants the downstream system to iResearch to be updated, e.g., French, Spanish. Clarification Note:  this can be set to any of the code values in code table SCoTS Code Table 3 [Language].",
		            "type": "integer",
		            "maximum": 9999999
		        },
		        "researchRequestType": {
		        	"description": "Value currently passed to iResearch by Direct+ which identifies the type of research a customer is setup to submit. Possible values are fullrvwresearch, miniresearch, targetedresearch, or research. Value is a passthrough to VBO.",
		            "type": "string",
		            "maxLength": 50
		        }
			},
			"required": [
				"requestMethodCode",
				"researchRequestId",
				"researchCreationTimestamp",
				"cases",
				"currentResearchStatusCode"
			],
			"additionalProperties": false
		},
		"requestor": {
			"description": "Data specifying the user/system making the request.",
			"javaType": "com.dnb.irsch.bom.researchnotification.Requestor",
			"type": "object",
			"properties": {
				"name": {
					"description": "Name of requestor. This will either be a person's first name and last name or an organization's name.",
					"type": "string",
					"maxLength": 240
				},
				"loginKey": {
					"description": "The IDaaS userid used for authenticating the request.",
					"type": "string",
					"maxLength": 256
				},
				"organizationName": {
					"description": "Text specifying the name of the organization either where the submitter works or whose external system is making this request).  ",
					"type": "string",
					"maxLength": 240
				},
				"subscriberNumber": {
					"description": "The number used to identify this D&B contractual customer when this user can submit requests.",
					"type": "integer",
					"maximum": 999999999
				},
				"requestorOwnRequestKey": {
					"description": "A number or text string provided by the requester identifying how this particular research request is known in their system. This is passthrough data that is not used by D&B for conducting research and is instead returned with the D&B resolution so the requester can put the returned information in the proper context, i.e., how the request is known at their location.",
					"type": "string",
					"maxLength": 32
				},
				"iso2AlphaCountryCode": {
					"description": "An ISO 2-alpha country code identifying where the requestor is located.",
					"type": "string",
					"minLength": 2,
					"maxLength": 2
				},
				"geoRefId": {
					"description": "The geo reference id identifying where the requestor is located.",
					"type": "string"
				},
				"submitterRoutingCategories": {
					"description": "An array identifying all of the Submitter Routing Categories that an iResearch Super Administrator assigned to this submitter.",
					"type": "array",
					"items": {
						"type": "object",
						"properties": {
							"submitterRoutingCategoryCode": {
								"description": "A code specifying a routing designation that has been asigned to the submitter by the iResearch Super Administrator to potentially guide the determination as to which research team will be responsible for resolving the case.  The value here only becomes a possible factor when the research was submitted by this submitter.  Even then, it may not come into play because the team assignment is based on long series of routing rules that are performed in order and for any given rule, the conditions may or may not be satisfied.  So, as an example, the routing rules where the Submitter Routing Category Code are factors may not be reached before all of the team assignment(s) have already been done.",
								"type": "integer",
								"maximum": 9999999
							}
						},
						"additionalProperties": false,
						"javaType": "com.dnb.irsch.bom.SubmitterRoutingCategory"
					}
				},
				"researchSubTypesGroups": {
					"description": "An array identifying all of the 'groups' for which a submitter may request research, where examples of groups are:  Primary Business Information, History, Mini Investigation, Linkage.  A submitter must be assigned to at least one group.  This array will be absent for a user who is not a submitter.  These assignments are made by an iResearch Super Administrator.  Clarification Notes:  (1) the name assigned to the group is often just a general representation of what it covers and the research sub types that are included are not limited to the research sub types implied by the group's name, (2) the cd_val_assn table identifies exactly which research sub types are applicable to each group, and (3) a research sub type may be mapped to more than one group and it is possible that more than one group having some overlapping research sub types might be assigned to a submitter; the resulting redundant research sub types do no harm.",
					"type": "array",
					"items": {
						"type": "object",
						"properties": {
							"researchSubTypesGroupCode": {
								"description": "A code specifying the collection of research sub types that the iResearch Super Administrator has assigned to this submitter.  The submitter will be able to enter requests for any of the research sub types in this group.  This code comes from SCoTS Code Table XXXXXXXXX [Research Sub Types Group].",
								"type": "integer",
								"maximum": 9999999
							}
						},
						"additionalProperties": false,
						"javaType": "com.dnb.irsch.bom.ResearchSubTypesGroup"
					}
				}
			},
			"required": [
				"loginKey"
			],
			"additionalProperties": false
		},
		"subject": {
			"description": "Data specifying the subject under investigation.",
			"javaType": "com.dnb.irsch.bom.researchnotification.Subject",
			"type": "object",
			"properties": {
				"inquiredDuns": {
					"description": "The duns number of subject under investigation. May be null if it's a new duns request.",
					"type": "string",
					"maxLength": 11
				},
				"answeredDuns": {
					"description": "The resolution duns. Will be populated if new duns is created or an existing duns already exits for a new duns request.",
					"type": "string",
					"maxLength": 11
				},
				"organizationName": {
					"description": "Text specifying the name of the subject to be researched/investigated.",
					"type": "string",
					"maxLength": 240
				},
				"iso2AlphaCountryCode": {
					"description": "The ISO 2-alpha code specifying the country where the subject is located.",
					"type": "string",
					"minLength": 2,
					"maxLength": 2
				},
				"geoRefId": {
					"description": "The geo reference id specifying the country where the subject is located.",
					"type": "string"
				},
				"town": {
					"description": "The name of the town or city recognized by the Postal Authority for delivering mail to this address.",
					"type": "string",
					"maxLength": 64
				},
				"territory": {
					"description": "The name of the locally governed area that forms part of a centrally governed nation, like a province in Canada (e.g., ON, BC), a state in the United States of America (e.g., NJ, NY), or a home country in the United Kingdom (e.g., England, Wales) where this address is located.",
					"type": "string",
					"maxLength": 64
				},
				"streetAddress": {
					"description": "Text specifying the street number and name of this address.  It may contain additional information like a suite number, floor, or other information that helps pinpoint the location.",
					"type": "string",
					"maxLength": 240
				},
				"county": {
					"description": "The name of the primary administrative division within the territory or country for this address' location.   As some examples, in the U.S. this would be a county within a state, in the UK this would be a county in one of the Home Nations, and in the Republic Of Ireland, this would be a county and there would be no state.",
					"type": "string",
					"maxLength": 64
				},
				"postalCode": {
					"description": "An identifier used by the local country Postal Authority to identify the particular geographic location where this address is located, e.g., the zip code in the United States.",
					"type": "string",
					"maxLength": 32
				}
			},
			"required": [
				"organizationName",
				"iso2AlphaCountryCode",
				"geoRefId"
			],
			"additionalProperties": false
		}
	},
	"required": [
		"notificationId",
		"notificationTypeCode"
	]
}