{
	"$schema": "http://json-schema.org/draft-04/schema#",
	"description": "Definition of json document that will be used by the UI to update a research team via admin service.",
	"type": "object",
	"additionalProperties": false,
	"properties": {
		"researchTeamId": {
			"description": "A number uniquely identifying the entry in the research team entity to which this entry belongs.",
			"type": "integer",
			"maximum": 9999999
		},
		"modifiedTimestamp": {
			"description": "The modified timestamp for researcher team in numeric format used to prevent concurrent updates.",
			"type": "integer",
			"maximum": 2999999999
		},
		"users": {
		    "description":  "A list of research users",
            "type": "array",
            "items": {
            	"type": "integer",
            	"maximum": 9999999
            }
    	}
	},
	"required": [
		"researchTeamId",
		"modifiedTimestamp",
		"users"
	]
}
