{
	"$schema": "http://json-schema.org/draft-04/schema#",
	"description": "This is the definition for the json schema that is used to request the generation of a research notification.",
	"type": "object",
	"additionalProperties": false,
    "javaType": "com.dnb.irsch.bom.researchnotification.ResearchNotificationRequest",
	"properties": {		
		"researchRequestId": {
            "description": "A number that uniquely identifies the iResearch request.  Clarification Note: One of the four fields researchRequestId, subjectResearchId, batchRequestId, and batchRequestRejectId must be present, but not more than one of them.",
			"type": "integer",
			"minimum": 10000,
            "maximum": 999999999
		},
		"subjectResearchId": {
			"description": "A number that uniquely identifies the iResearch subject research.",
			"type": "integer",
			"minimum": 10000,
            "maximum": 999999999
        },
		"researchNotificationTypeCode": {
			"description": "A code value describing the type of notification that needs to be sent to downstream system.",
			"type": "integer",
			"maximum": 9999999
		},
        "isResend": {
			"description": "When turned ON (set to true), this means resend usage record to down stream system.",
			"type": "boolean"
		}
	}	
}
