{
    "$schema": "http://json-schema.org/draft-04/schema#",
    "description": "The request for Dun & Bradstreet to retrieve initial data so the UI can present information to the user.",
    "type": "object",
    "additionalProperties": false,
    "properties": {
        "langCd": {
            "description": "What language SCOTS descriptions should be returned in.",
            "type": "integer",
            "maximum": 9999999
        },
        "scotsTables": {
            "description": "Whether to return scotsTables data in response.",
            "type": "boolean"
        },
        "tableIds": {
            "description": "A comma-separated List of scots table ids to include in the response (if scotsTables=true).",
            "type": "string"
        },
        "teams": {
            "description": "Whether to return teams data in response.",
            "type": "boolean"
        },
        "countries": {
            "description": "Whether to return countries data in response.",
            "type": "boolean"
        },
        "researchSubTypeToResolutionCodes": {
            "description": "Whether to return researchSubTypeToResolutionCodes data in response.",
            "type": "boolean"
        },
        "currentUser": {
            "description": "Whether to return currentUser data in response.",
            "type": "boolean"
        },
        "countryToResearchType": {
            "description": "Whether to return countryToResearchType data in response.",
            "type": "boolean"
        },
        "trainingMedia": {
            "description": "Whether to return trainingMedia data in response.",
            "type": "boolean"
        }
    }
}