{
    "$schema": "http://json-schema.org/draft-04/schema#",
    "description": "Response when getting the getting the initial data to the UI",
    "type":  "object",
    "additionalProperties": false,
    "properties": 
    {
        "errorResponse": {
            "$ref": "../schema/errorResponse.json"
        },
        "warningResponse": {
            "$ref": "../schema/warningResponse.json"
        },
        "scotsTables": {
            "type": "array",
            "items": {
                "type": "object",
                "additionalProperties": false,
                "properties": {
                    "cdTblId": {
                        "description": "The SCOTS table number.",
                        "type": "integer",
                        "maximum": 9999999
                    },
                    "codes": {
                        "type": "array",
                        "items": {
                            "type": "object",
                            "additionalProperties": false,
                            "properties": {
                                "cdValId": {
                                    "description": "The SCOTS code number.",
                                    "type": "integer",
                                    "maximum": 9999999
                                },
                                "shrtDescr": {
                                    "description": "The SCOTS product literal short description in the langCd specified in the request.",
                                    "type": "string",
                                    "maxLength": 48
                                },
                                "descr": {
                                    "description": "The SCOTS long description in the langCd specified in the request.",
                                    "type": "string",
                                    "maxLength": 192
                                },
                                "isExpired": {
                                    "description": "Whether the SCOTS code is expired (in which case it should be used for display only, and not for input).",
                                    "type": "boolean"
                                },
                                "isApplicableUi": {
                                    "description": "Whether the SCOTS code is applicable as a UI input value.",
                                    "type": "boolean"
                                },
                                "children": {
                                    "description": "The list of child SCOTS codes that are valid for this parent code. These inter-code relationships are typically used for sub-types, such as the research sub-types belonging to a research type, the sub-resolution codes that are valid for each resolution code.  They could be used in other situations, like identifying which contact results codes are valid for a specific communication method code.",
                                	"type": "array",
									"items": {
										"type": "object",
										"additionalProperties": false,
										"properties": {
											"cdValId": {
												"description": "The SCOTS code number.",
												"type": "integer",
												"maximum": 9999999
											},
											"shrtDescr": {
												"description": "The SCOTS product literal short description in the langCd specified in the request.",
												"type": "string",
												"maxLength": 48
											},
											"descr": {
												"description": "The SCOTS long description in the langCd specified in the request.",
												"type": "string",
												"maxLength": 192
											},
											"isExpired": {
												"description": "Whether the SCOTS code is expired (in which case it should be used for display only, and not for input).",
												"type": "boolean"
											},
											"isApplicableUi": {
												"description": "Whether the SCOTS code is applicable as a UI input value.",
												"type": "boolean"
											}
										}
									}
                                }
                            }
                        }
                    }
                }
            }
        },
        "teams": {
            "type": "array",
            "items": {
                "type": "object",
                "additionalProperties": false,
                "properties": {
                    "researchTeam": {
                        "description": "A team.",
                        "$ref": "../schema/iResearchResearchTeamLayout.json"
                    },
                    "teamMembers": {
                        "type": "array",
                        "items": {
                            "type": "object",
                            "additionalProperties": false,
                            "properties": {
                                "researchUser": {
                                    "description": "A team member.",
                                    "$ref": "../schema/iResearchResearchUserLayout.json"
                                }
                            }
                        }
                    }
                }
            }
        },
        "countries": {
            "type": "array",
            "items": {
                "type": "object",
                "additionalProperties": false,
                "properties": {
                    "iso2Alpha": {
                        "description": "The country ISO 2-character code.",
                        "type": "string",
                        "maxLength": 2
                    },
                    "iso3Numeric": {
                        "description": "The country ISO 3 numeric code.",
                        "type": "string",
                        "maxLength": 3
                    },
                    "officialName": {
                        "description": "The country official name.",
                        "type": "string",
                        "maxLength": 192
                    },
                    "internationalDialingCode": {
                        "description": "The international dialing code of the country.",
                        "type": "string",
                        "maxLength": 4
                    },
                    "territories": {
                        "type": "array",
                        "items": {
                            "type": "object",
                            "additionalProperties": false,
                            "properties": {
                                "officialName": {
                                    "description": "The territory official name.",
                                    "type": "string",
                                    "maxLength": 192
                                },
                                "abbrName": {
                                    "description": "The territory abbreviated name. TODO check max length",
                                    "type": "string",
                                    "maxLength": 192
                                }
                            }
                        }
                    }
                }
            }
        },
        "researchSubTypeToResolutionCodes": {
            "description": "Maps a research sub-type to all available resolution and sub-resolution codes.",
            "type": "array",
            "items": {
                "type": "object",
                "additionalProperties": false,
                "properties": {
                    "researchSubTypeCode": {
                        "description": "The research sub-type. If this value is null, then the resolution/sub-resolution codes apply to all research sub-types.",
                        "type": "integer",
                        "maximum": 9999999
                    },
                    "resolutionTypes": {
                        "type": "array",
                        "items": {
                            "type": "object",
                            "additionalProperties": false,
                            "properties": {
                                "resolutionCode": {
                                    "description": "An available resolution code for this research sub-type.",
                                    "type": "integer",
                                    "maximum": 9999999
                                },
                                "resolutionSubTypeCodes": {
                                    "type": "array",
                                    "items": {
                                        "type": "integer",
                                        "maximum": 9999999
                                    }
                                }
                            }
                        }
                    }
                }
            }
        },
        "currentUser": {
            "description": "Provides attributes about the current user which may be useful to the UI.",
            "$ref": "../schema/iResearchResearchUserLayout.json"
        },
        "countryToResearchTypeData": {
            "description": "Maps a country to available types and subtypes",
            "type": "array",
            "items": {
                "type": "object",
                "additionalProperties": false,
                "properties": {
                    "countryCd": {
						"description": "The ISO 2-alpha code specifying the country where the subject is located.",
						"type": "string",
						"maxLength": 2
                    },
                    "researchTypes": {
                        "type": "array",
                        "items": {
                            "type": "object",
                            "additionalProperties": false,
                            "properties": {
                                "researchType": {
									"description": "A code identifying the information that needs to be researched for the subject, e.g., Enhanced Elements, Financial Information, History, Public Records, Super 7 Elements.  This information will be more precisely identified by the Research Sub-Type Code. For instance, the code here may be for 'Super 7 Elements', while the researchSubTypeCode will be for the 'Address'.  Clarification Notes:  if a Research Type has N Sub-Types associated with it, then a Research Subject can have as many as N entries here for that Research Type (i.e., one for each Sub-Type). The possible codes for this attribute are recorded in SCoTS table 759 [Research Type].",
									"type": "integer",
									"maximum":  9999999
                                },
                                "researchSubTypes": {
                                    "type": "array",
                                    "items": {
                                        "type": "integer",
                                        "maximum": 9999999
                                    }
                                }
                            }
                        }
                    }
                }
            }
        },
        "trainingMediaData": {
			"description": "Returns an array of all the training media that are managed by SuperAdmins of iResearch.  The training media collection includes documents, videos, and other artifacts used for training end users and other products integrating with iResearch.",
			"type": "array",
			"items": {
				"type": "object",
				"additionalProperties": false,
				"properties": {
					"trainingMediaId": {
						"description": "A number uniquely identifying a training medium row within iResearch's training media database table.",
						"type": "integer",
						"maximum": 9999999
					},
					"mediaType": {
						"description": "Text identifying the type of medium.  Expected values include: 'video', 'faq', or 'trainingDocument'.",
						"type": "string",
						"maxLength": 30
					},
					"mediaTitle": {
						"description": "Text specifying the title of the training medium.  This is the text that a super admin wants a UI user to see that identifies the primary subject matter of the training medium.",
						"type": "string",
						"maxLength": 100
					},
					"mediaDescription": {
						"description": "Text that will act as a blurb or summarization of the purpose of the training medium.",
						"type": "string",
						"maxLength": 10000
					},
					"mediaCategory": {
						"description": "Text that will be used to control which iResearch users are entitled to view the training medium.  Additionally, the category will be used to control different sections in the UI where the medium should be placed for users that are entitled to view it (e.g. A training medium with the category 'adminResearcher.bdrs' will indicate that the training medium should be viewable by admins and researchers and placed within a subsection for BDRS.  All media that is of the same mediaType should be viewable on the same UI page and used in conjunction with the mediaCategory will control which users can see the media and whether the media should be placed in a general section in the UI or a specified subsection in the UI).  These categories will be controlled by the UI.",
						"type": "string",
						"maxLength": 100
					},
					"mediaFileName": {
						"description": "Text specifying the name of the file for a training medium, ending with its file extension name (e.g., doc, pdf, jpg, mp4).",
						"type": "string",
						"maxLength": 250
					},
					"mediaOrderNumber": {
						"description": "If populated, this is a numeric value designating the order in the UI that the training medium should appear in comparison to other training media (e.g. 1 would place the training medium first in order in the UI over other training media for a particular mediaCategory and mediaType.  If another training medium item in the same mediaCategory is assigned the same order number, then the mediaTitle of the video will be used as a secondary factor to determine which video will appear first based on alphabetical order).",
						"type": "integer",
						"maximum": 999
					},
					"mediaViewsCount": {
						"description": "A numeric value specifying the number of times the training medium attachment has been viewed by an iReseach user.  The view count will increase anytime the training medium attachment is retrieved for viewing by a user.",
						"type": "integer",
						"maximum": 9999999999
					},
					"mediaVoteRating": {
						"description": "A numeric value specifying the sum of ratings for a training medium item.  Items can be ranked from 0-5, where a 0 rating is the lowest rating/ least utility rating a user can give, and 5 is the highest rating / highest utility a user can give to a medium artifact.  This total sum will be divided by mediaTotalVotes so the video can have an overall average rating between 0 and 5.",
						"type": "integer",
						"maximum": 9999999999
					},
					"mediaTotalVotes": {
						"description": "A numeric value specifying the total number of votes a training medium has received.  The mediaVoteRating will be divided by the mediaTotalVotes to determine the training medium's ranking.",
						"type": "integer",
						"maximum": 9999999999
					},
					"lastModifiedTimestamp": {
						"description": "A numeric value specifying the modified timestamp for a training medium record.",
						"type": "integer",
						"maximum": 9999999999
					}
				}
			}
		}
    }
}
