{
    "$schema": "http://json-schema.org/draft-04/schema#",
    "description": "Response when retrieving cases for review",
    "type":  "object",
    "additionalProperties": false,
    "properties": 
    {
        "errorResponse": {
            "$ref": "errorResponse.json"
        },
        "warningResponse": {
            "$ref": "warningResponse.json"
        },
        "requests": {
            "type": "array",
            "items": {
                "type": "object",
                "additionalProperties": false,
                "properties": {
                    "researchRequest": {
                        "$ref": "iResearchResearchRequestLayout.json"
                    },
        			"batchRequestId": {
            			"description": "A number that uniquely identifies the iResearch batch which this request is a part of (not populated if request is not part of a batch).",
            			"type": "integer",
            			"minimum": 1000,
            			"maximum": 999999999
        			},
                    "researchExternalStatusCode": {
                        "description": "A code specifying the current status of this research case, e.g., received, in progress, closed. Clarification Note:  the possible status values that are communicated with requesters are a more limited set, with more general meanings, than those that are used internally by researchers (the Research Internal Status Code). These codes come from SCoTS code table 764 (iResearch External Status).",
                        "type": "integer",
                        "maximum": 9999999
                    },
                    "externalStatusTimestamp": {
                        "description": "The date and time when the researchExternalStatusCode value for this case was last updated.",
                            "type": "string",
                            "maxLength": 29,
                            "pattern": "^[0-9]{4}-[0-1]{1}[0-9]{1}-[0-3]{1}[0-9]{1}T[0-2]{1}[0-9]{1}:[0-5]{1}[0-9]{1}:[0-5]{1}[0-9]{1}[.]{1}[0-9]{3}[+|-]{1}[0-2]{1}[0-9]{1}:[0-5]{1}[0-9]{1}",
                            "format": "date-time"
                    },
                    "requestMethodCode": {
                        "description": "A code specifying one of the possible ways for someone to enter a query to question data that is in D&B's business files, or to get information that is not presently in D&B's business files, that will cause D&B to conduct research, e.g., the D&B user interface (UI) for entering this type of request, an API (Application Programming Interface) directly from a customer, through a D&B product system.  Clarification Note:  this can be set to any of the code values in code table SCoTS Code Table 307 [Service Access Code] that is identified as being applicable to iResearch.",
                        "type": "integer",
                        "maximum": 9999999
                    },
					"reviewed": {
						"description": "When this indicator is turned ON (set to true) it means that this request has been reviewed by a submitter or someone in the submitter team.",
						"type": "boolean"
					},
					"restrictedView": {
						"description": "When this indicator is turned ON (set to true) it means that this request has been marked to have restricted view due to compliance requirements.",
						"type": "boolean"
					},
					"statusHist" : {
						"type" : "array",
						"items" : {
							"$ref": "StatusHist.json"
						}
					},
                    "batchStatusCode": {
                        "description": "A code specifying the current status of batch that request is part of.",
                        "type": "integer",
                        "maximum": 9999999
                    },
                    "batchType": {
						"description": "Batch type that request is part of.",
						"type": "string",
						"maxLength": 30
			        },
                    "lookupRule": {
                        "description": "A description of the lookup rule.",
                        "type": "string",
                        "maxLength": 250
                    },
                    "subjectResearchResults": {
                        "type": "array",
                        "items": {
                            "type": "object",
                            "additionalProperties": false,
                            "properties": {
                                "subjectResearch": {
                                    "$ref": "iResearchSubjectResearchLayout.json"
                                },
                                "researchResult": {
                                    "$ref": "iResearchResearchResultLayout.json"
                                },
								"researchProcessing": {
									"$ref": "iResearchResearchProcessingLayout.json"
								},
						        "researchResultHist" : {
						        	"type" : "array",
						        	"items" : {
                        				"$ref": "iResearchResearchResultLayout.json"
						        	}
						        },
						        "researchProcessingHist" : {
						        	"type" : "array",
						        	"items" : {
                        				"$ref": "iResearchResearchProcessingLayout.json"
						        	}
						        },
						        "dnbSubjectData": {
						        	"$ref": "DNBSubjectData.json"
						        },
						        "firmographicsData" : {
						        	"$ref" : "FirmographicsDataResponse.json"
						        },
								"attachments": {
									"description": "This array records information on all of the stored files that are relevant to this research request.  It includes information such as the location of each file in Amazon's Simple Storage Service (Amazon S3), inside the Amazon Web Services (AWS) cloud, the actual link (url) to the file, the type of attachment, the identity of who was responsible for storing the file, as well as other useful information.",
									"type": "array",
									"items": {
												"$ref": "attachment.json",
												"required": [
													"s3ObjectKey",
													"url",
													"attachmentTimestamp",
													"attachmentSize"
												]
									}
								},
						        "statusHist" : {
						        	"type" : "array",
						        	"items" : {
                        				"$ref": "StatusHist.json"
						        	}
						        },
						        "subStatusHist" : {
						        	"type" : "array",
						        	"items" : {
                        				"$ref": "SubStatusHist.json"
						        	}
						        },
						        "teamAssignHist" : {
						        	"type" : "array",
						        	"items" : {
                        				"$ref": "TeamAssignHist.json"
						        	}
						        },
						        "userAssignHist" : {
						        	"type" : "array",
						        	"items" : {
                        				"$ref": "UserAssignHist.json"
						        	}
                                },
                                "comments" : {
                                    "type" : "array",
                                    "items" : {
                                        "$ref": "comment.json"
                                    }
						        },
						        "ageInDays": {
									"description": "The numerical value indicating the age of the case in days.",
									"type": "integer",
									"maximum": 9999999
								},
						        "numContactAttempts": {
									"description": "A numerical value indicating the number of contact attempts made by the researcher.",
									"type": "integer",
									"maximum": 9999999
								},
                                "contactEntries" : {
                                    "type" : "array",
                                    "items" : {
										"$ref": "ContactEntry.json"
                                    }
						        },
						        "bdrsResultCode": {
									"description": "A numeric code that represents the type of result that was returned by BDRS.",
									"type": "integer",
									"maximum": 9999999
								},
								"isChallengeable": {
									"description": "When this indicator is turned ON (set to true) it means that this case is challengable.",
									"type": "boolean"
								},
						        "challengeAgeInDays": {
									"description": "The numerical value indicating the age of latest challenge in days.",
									"type": "integer",
									"maximum": 9999999
								},
						        "challengeIterationNumber": {
									"description": "The numerical value representing the challenge count.",
									"type": "integer",
									"maximum": 9999999
								},
			                    "dueDateTimestamp": {
			                        "description": "The due date of current case.",
			                        "type": "string",
			                        "maxLength": 10
			                    },
			                    "linkedSubjRschId": {
			                        "description": "Subject Research id of linked case.",
									"type": "integer",
									"maximum": 9999999
			                    },
			                    "timezone": {
			                        "description": "The timezone of the subject.",
			                        "type": "string",
			                        "maxLength": 10
			                    }
                            }
                        }
                    }
                }
            }
        },
        "lastIdForPage": {
            "description": "For pagination, the last request id returned for current page.",
            "type": "integer",
            "minimum": 10000,
            "maximum": 999999999
		},
		"hasNextPage": {
            "description": "For pagination, tells if another page is available.",
			"type": "boolean"
		},
		"pageSize": {
		    "description": "For pagination, the page size, not the number of items returned.",
			"type": "integer",
			"maximum": 9999999
		},
		"totalRecsAvailable": {
		    "description": "Total number of recs that meet the search criteria.",
			"type": "integer",
			"maximum": 999999999
		}
    }
}
