{
    "$schema": "http://json-schema.org/draft-04/schema#",
    "description": "The request for Dun & Bradstreet to retrieve summary level information on one or more research requests, either for display within the web UI or potentially by an API user. All properties within this request are optional. The default behavior is to return all cases to which the user is entitled, up to the maximum number of cases specified.",
    "type": "object",
    "additionalProperties": false,
    "properties": {
        "researchRequestId": {
            "description": "Uniquely identifies this iResearch research request. It is an auto-generated integer id.",
            "type": "integer",
            "maximum": 999999999
        },
        "researchExternalStatusCode": {
            "description": "A code specifying which research requests should be returned based on their external status: These codes come from SCoTS code table 764 (iResearch External Status), or we also support the special status code '0' to mean all open requests (Received or In-Progress).",
            "type": "integer",
            "maximum": 9999999
        },
        "maxCases": {
            "description": "The maximum number of cases to return (default 100).",
            "type": "integer",
            "maximum": 99999
        },
        "lastIdForPage": {
            "description": "For pagination, the last id from current page that will be used to retrieve the next page. For first call use null",
            "type": "integer",
            "minimum": 10000,
            "maximum": 999999999
        },
		"pageSize": {
           "description": "For pagination, the number of items requested per page.",
 			"type": "integer",
			"maximum": 9999999
		},
		"sortOrder": {
			"description": "Sort order for results. asc or desc",
            "type": "string",
            "maxLength": 11
		},
        "searchString": {
            "description": "Search string used to cut down on the number of results from database. The contents of this field will be used to search matches on multiple database fields.",
            "type": "string",
            "maxLength": 240
        },
        "submitterViewType": {
            "description": "Mandatory for submitter view. Eiter returns only the current submitter's inquires or the submitter team's inquiries.",
            "type": "integer",
            "maximum": 99999
        },
        "startReportingPeriodDate": {
            "description": "The date of the oldest request that can possibly be returned, meaning no requests submitted before this date will be returned.  If this optional property is not specified, then there will be no constraint on how old a returned request may be.",
            "type": "string",
            "maxLength": 10,
            "pattern": "^[0-9]{4}-[0-1]{1}[0-9]{1}-[0-3]{1}[0-9]{1}",
            "format": "date-time"
        },
        "endReportingPeriodDate": {
            "description": "The date of the most recent request that can possibly be returned, meaning no requests submitted after this date will be returned.  If this optional property is not specified, then the data considered for return, based on the supplied criteria, will be through the current date.",
            "type": "string",
            "maxLength": 10,
            "pattern": "^[0-9]{4}-[0-1]{1}[0-9]{1}-[0-3]{1}[0-9]{1}",
            "format": "date-time"
        },
        "closedPeriodStartingDate": {
            "description": "The date specifying the oldest date a request could have been closed when considering which research requests can be returned based on all of the criteria provided in this retrieval request, meaning no requests that are identified as closed prior to this date will be returned, nor will any open requests.  If the closedPeriodEndingDate property is also specified, it defines the end of the date range being considered.  If this property is specified, but the closedPeriodEndingDate is not, then any request closed between this date and the current date is considered for being returned in the response.",
            "type": "string",
            "minLength": 10,
            "maxLength": 10,
            "pattern": "^[0-9]{4}-[0-1]{1}[0-9]{1}-[0-3]{1}[0-9]{1}$",
            "format": "date-time"   
        },
        "closedPeriodEndingDate":{
            "description": "The date specifying the most recent date a request could have been closed when considering which research requests can be returned based on all of the criteria provided in this retrieval request, meaning no requests that are identified as closed after this date will be returned, nor will any open requests.  If the closedPeroidStartingDate is also specified, it defined the beginning of the date range being considered.  If this property is specified, but the closedPeroidStartingDate is not, then it doesn't matter how long ago a request was closed for it to be considered for being returned in the response as long as it predates the date here.",
            "type": "string",
            "minLength": 10,
            "maxLength": 10,
            "pattern": "^[0-9]{4}-[0-1]{1}[0-9]{1}-[0-3]{1}[0-9]{1}$",
            "format": "date-time"               
        },
        "challengePeriodStartingDate": {
            "description": "The date specifying the oldest date a request could have been challenged when considering which requests can be returned based on all of the criteria provided in this retrieval request, meaning no requests that are identified as challenged prior to this date will be returned, nor will any open requests.  If the challengePeriodEndingDate property is also specified, it defines the end of the date range being considered.  If this property is specified, but the challengePeriodEndingDate is not, then any request challenged between this date and the current date is considered for being returned in the response.",
            "type": "string",
            "minLength": 10,
            "maxLength": 10,
            "pattern": "^[0-9]{4}-[0-1]{1}[0-9]{1}-[0-3]{1}[0-9]{1}$",
            "format": "date-time"   
        },
        "challengePeriodEndingDate":{
            "description": "The date specifying the most recent date a request could have been challenged when considering which requests can be returned based on all of the criteria provided in this retrieval request, meaning no requests that are identified as challenged after this date will be returned, nor will any open requests.  If the challengePeriodStartingDate is also specified, it defined the beginning of the date range being considered.  If this property is specified, but the challengePeriodStartingDate is not, then it doesn't matter how long ago a request was challenged for it to be considered for being returned in the response as long as it predates the date here.",
            "type": "string",
            "minLength": 10,
            "maxLength": 10,
            "pattern": "^[0-9]{4}-[0-1]{1}[0-9]{1}-[0-3]{1}[0-9]{1}$",
            "format": "date-time"               
        },
        "reviewed": {
			"description": "When this indicator is turned ON (set to true) only requests that were reviewed by submitter or by someone on the submitter team will be returned. ",
			"type": "boolean"
		},
        "requestorOwnRequestKey": {
            "description": "A number or text string provided by the requester identifying how the request is (or requests are) known in their system. This is passthrough data that is not used by D&B for conducting research and is instead available for retrieving data and is returned with the D&B resolution so the requester can put the returned information in the proper context, i.e., how the request is known at their location.  Clarification Note:  though this data element is intended to identify a specific request, there is no way to control how the requester has used this data element, so the iResearch service allows for the possibility that a submitter may have used the same value for multiple requests.",
            "type": "string",
            "maxLength": 32
        },
        "customerReferenceName": {
            "description": "Text optionally supplied by the requester describing the customer on whom they submitted the request on behalf of, for their own use, from their own perspective. May contain a user id, email address, or any other sort of key useful to the requester. It is pass through data that is returned to the requester along with the D&B resolution; it has no bearing on the processing done by D&B and might not be meaningful to anyone other than the requester.",
            "type": "string",
            "maxLength": 256
        }        
    }
}