{
    "$schema": "http://json-schema.org/draft-04/schema#",
    "description": "The request for Dun & Bradstreet to retrieve admin data so the UI can present information to the user.",
    "type": "object",
    "additionalProperties": false,
    "properties": {
        "users": {
            "description": "Whether to return iResearch users in the response",
            "type": "boolean"
        },
        "submitterTeams": {
            "description": "Whether to return submitter teams data in the response.",
            "type": "boolean"
        },
        "researchTeamsForLocalAdmin": {
            "description": "Whether to return research teams for local admin data in the response.",
            "type": "boolean"
        },
        "researchTeamsForSuperAdmin": {
            "description": "Whether to return research teams for super admin data in the response.",
            "type": "boolean"
        },
        "userAdminJson": {
            "description": "Whether to return user admin data in response.",
            "type": "boolean"
        },
        "researchUserid": {
            "description": "Mandatory parameter identifying the user for which user admin data is requested.",
            "type": "integer",
            "maximum": 9999999
        },
        "iResearchAdministeredRoles": {
            "description": "Whether to return iResearch administered roles data in response.",
            "type": "boolean"
        },
        "IDaaSAdministeredRoles": {
            "description": "Whether to return the list of all possible IDaaS administered roles data in response.",
            "type": "boolean"
        },
        "batchSummary": {
            "description": "Whether to return batch summary data in response.",
            "type": "boolean"
        },
        "batchType": {
    		"description": "Optional parameter that can be passed with batchSummary to return batches of a specific type.  This will filter the batch summary result set to only return batches with the provided batchType string.",
   			 "type": "string"					
   		},
        "searchString": {
            "description": "Optional parameter that can be passed with batchSummary to return batches that match (or partially match) on a user-entered search string. The contents of this field will be used to search matches on multiple database fields.",
            "type": "string"
        },
        "batchDetails": {
            "description": "Whether to return batch details data in response.",
            "type": "boolean"
        },
        "batchPartnerData": {
            "description": "Whether to return batch partner data in response.",
            "type": "boolean"
        },
        "batchRawData": {
            "description": "Whether to return batch raw data in response.",
            "type": "boolean"
        },
        "batchStatus": {
            "description": "Mandatory parameter for when batch summary data is requested.",
			"type": "integer",
			"maximum": 9999999
        },
        "pageSize": {
            "description": "Required for batch summary paging. Number of batch summary items returned for when batch summary data is requested.",
			"type": "integer",
			"maximum": 9999999
        },
        "lastIdForPage": {
            "description": "Required for batch summary paging. Last batch id that was returned in previous call. Needs to be passed to get next page of results.",
			"type": "integer",
			"maximum": 9999999
        },
        "batchRequestId": {
            "description": "Required parameter for when batch raw data or partner data or batch detail is requested.",
			"type": "integer",
			"maximum": 9999999
        },
        "teamGroups": {
            "description": "Whether to return the list of possible team groups.",
            "type": "boolean"
        },
        "countryGroups": {
            "description": "Whether to return the list of possible country groups.",
            "type": "boolean"
        },
        "apiEntitlements": {
            "description": "Whether to return the list of API App Enitlement summary data",
            "type": "boolean"
        },
        "apiEntitlementDetail": {
            "description": "Whether to return the detail API App Enitlement data for given dnbAppId",
            "type": "boolean"
        },
        "apiAppEntlId": {
			"description": "A number uniquely identifying a api app row. Required for 'apiEntitlementDetail' parameter",
			"type": "integer",
			"maximum": 9999999
		},
        "userOrgs": {
            "description": "Whether to return the list of possible user orgs that's in the iResearch reference data.",
            "type": "boolean"
        },
        "trainingMediaData": {
        	"description": "Whether to return the summary of training media data in the response.",
            "type": "boolean"
        },
        "trainingMediaRecord": {
        	"description": "Whether to return the training medium detail for a row within iResearch's training media database table in the response.",
            "type": "boolean"
        },
        "trainingMediaId": {
        	"description": "A number uniquely identifying a training medium row within iResearch's training media database table. Required when 'trainingMediaRecord' parameter is true.",
            "type": "integer",
			"maximum": 9999999
        },
        "mediaCategory": {
			"description": "Optional parameter that can be used when trainingMediaData is set to true to filter the trainingMediaData result set to include the requested mediaCategory.",
			"type": "string",
			"maxLength": 100
		},
        "batchPartnerGeneratedRequests": {
            "description": "Whether to return batch partner data for generated requests in the response.",
            "type": "boolean"
        },
        "maintenanceOutagesData": {
        	"description": "Whether to return the summary of maintenance window outages in the response.",
            "type": "boolean"
        },
        "maintenanceOutageRecord": {
        	"description": "Whether to return the maintenance window outage detail for a row within iResearch's mntn_wndw database table in the response.",
            "type": "boolean"
        },
        "mntnWindowId": {
        	"description": "A number uniquely identifying a maintenance window outage row within iResearch's mntn_wndw database table. Required when 'maintenanceOutageRecord' parameter is true.",
            "type": "integer",
			"maximum": 9999999
        }
    }
}
