{
    "$schema": "http://json-schema.org/draft-04/schema#",
    "description": "Request to RptgExtractorCase service to extract a single case",
    "type":  "object",
      "additionalProperties": false,
    "properties": 
    {
        "extractContentType": {
            "description": "The content requested in the extraction, e.g. case.",
            "type": "string"
        },
        "recordId": {
            "description": "A number uniquely identifying the record number to be extracted. Its context is within the extractContentType - e.g. for case extraction this will be a subjectResearchId, but for other content types the id may have other meaning.",
            "type": "integer",
            "minimum": 1,
            "maximum": 999999999
        },
        "extractBatchId": {
            "description": "A number that uniquely identifies the iResearch extraction batch.",
            "type": "integer",
            "minimum": 1,
            "maximum": 999999999
        },
        "extractMode": {
            "description": "An extraction mode, e.g. bulk or incremental.",
            "type": "string"
        },
        "extractRecordCount": {
            "description": "The total number of records expected to be extracted in the batch. Note that only one of the rptgExtractorCaseRequests in the batch will have this element (the last one generated by the rptgExtractController)",
            "type": "integer",
            "minimum": 1,
            "maximum": 999999999
        },
        "extractMaximumId": {
            "description": "The highest numbered . Note that only one of the rptgExtractorCaseRequests in the batch will have this element (the last one generated by the rptgExtractController)",
            "type": "integer",
            "minimum": 1,
            "maximum": 999999999
        }
    },
    "required": [
        "extractContentType",
        "recordId",
        "extractBatchId",
        "extractMode"
    ]
}
