{
    "$schema": "http://json-schema.org/draft-04/schema#",
    "description": "Layout used to invoke secure event.",
    "type":  "object",
  	"additionalProperties": false,
    "properties": 
    {
    	"requestContext" : {
    		"description": "Request Context",
            "type":  "object",
            "javaType": "com.dnb.irsch.bom.RequestContext",
             "properties": 
   			 {
				"authorizer": {
            		"description": "Authorizer object",
            		"type":  "object",
             		"properties": 
   			 		{
            			"principalId" : {
							"description": "Principal Id string",
							"type": "string"
            			}
            		 }
        		}
   			}
    	},
		"source": {
			"description": "Event source",
			"type": "string"
        },     
        "httpMethod": {
			"description": "HTTP Method",
			"type": "string"
        },
        "body": {
			"description": "Body of request",
			"type": "string"
        },
        "path": {
			"description": "Path of request",
			"type": "string"
        }
    }
}
