{
	"$schema": "http://json-schema.org/draft-04/schema#",
	"type": "object",
	"additionalProperties": false,
	"properties": {
		"researchStatusCode": {
			"description": "A code that provides meaningful information to the D&B staff on the current processing state of the research being conducted on the subject.",
			"type": "integer",
			"maximum": 9999999
		},
		"timestamp": {
			"description": "The date and time when history was recorded for setting the status",
			"type": "string",
			"format": "date-time"
		},
		"researchUser": {
			"description": "A json object identifying the user at the time of status change",
			"$ref": "iResearchResearchUserLayout.json"
		}
	}
}