{
	"$schema": "http://json-schema.org/draft-04/schema#",
	"description": "This is the definition for the json schema that is used to request processing of submital to a remote research application.",
	"type": "object",
	"additionalProperties": false,
    "javaType": "com.dnb.irsch.bom.SubmitToRemoteAppRequest",
	"properties": {		
		"subjectResearchId": {
			"description": "A number that uniquely identifies the iResearch subject research.",
			"type": "integer",
			"minimum": 10000,
            "maximum": 999999999
        },
		"submitToRemoteAppTypeCode": {
			"description": "A code value describing the remote research application to send to.",
			"type": "integer",
			"maximum": 9999999
		},
		"researchTeamName": {
            "description": "Text uniquely identifying the name of the research team, where no two teams will ever have the same name.",
            "type": "string",
            "maxLength": 240
        },
        "ignoreURLIssued": {
			"description": "When turned ON (set to true), this means ignore those attachments stuck in URL ISSUED process status.",
			"type": "boolean"
		},
        "batchRequestId": {
            "description": "A number that uniquely identifies the batch request.",
            "type": "integer",
            "minimum": 1000,
            "maximum": 999999999
        }
	}	
}
