{
    "$schema": "http://json-schema.org/draft-04/schema#",
    "description": "Response when getting the getting the initial data to the UI",
    "type":  "object",
    "additionalProperties": false,
    "properties": 
    {
        "errorResponse": {
            "$ref": "../schema/errorResponse.json"
        },
        "warningResponse": {
            "$ref": "../schema/warningResponse.json"
        },
        "batchRequestId": {
            "description": "A number that uniquely identifies the iResearch batch which this request is a part of (not populated if request is not part of a batch).",
            "type": "integer",
            "minimum": 1000,
            "maximum": 999999999
        }
    }
}
