{
	"$schema": "http://json-schema.org/draft-04/schema#",
	"type": "object",
	"additionalProperties": false,
	"properties": {
		"researchSubStatusCode": {
			"description": "A code that provides more granular information to the D&B staff (including third party vendors hired by D&B such as Concentrix and Cybersoft) on the processing state of the research being conducted when the Research Internal Status Code is set to the value meaning 'Research in Progress'.  Here are some possible sub statuses:  (1) Callback AM, (2) Callback PM, (3) Email Communication Requested, and (4) Quality Review.  The value here comes from SCoTS Code Table 775 [iResearch Internal Sub-Status].",
			"type": "integer",
			"maximum": 9999999
		},
		"timestamp": {
			"description": "The date and time when history was recorded for setting the sub-status",
			"type": "string",
			"format": "date-time"
		},
		"subStatusFollowUpTimestamp": {
			"description": "The date and time when the researcher intended to carry out the action specified in this sub-status",
			"type": "string",
			"format": "date-time"
		},
		"researchUser": {
			"description": "A json object identifying the user at the time of status change",
			"$ref": "iResearchResearchUserLayout.json"
		}
	}
}