{
    "$schema": "http://json-schema.org/draft-04/schema#",
    "description": "The request for Dun & Bradstreet to take action on a research case.",
    "type": "object",
    "additionalProperties": false,
    "properties": {
        "subjectResearchId": {
            "description": "A number that uniquely identifies the iResearch subject research to be updated.",
            "type": "integer",
            "maximum": 999999999
        },
        "actionTypeCode": {
            "description": "The action taken by the user, e.g. Assign/Reroute/Close.",
            "type": "integer",
            "maximum": 9999999
        },
        "transferReasonCode": {
            "description": "The reason the action was taken (only applicable to some actions, e.g. Assign/Reroute).",
            "type": "integer",
            "maximum": 9999999
        },
        "challengeReasonCode": {
            "description": "The reason for the challenge.",
            "type": "integer",
            "maximum": 9999999
        },
        "researchTeamName": {
            "description": "Team for the case to be assigned to (if Reroute action).",
            "type": "string",
            "maxLength": 32
        },
         "userEmailAddress": {
            "description":  "Text identifying the destination 'mail' address for reaching the researcher who has been assigned via electronic communication over the Internet. This email address acts as a unique identifier of who the researcher is.",
            "type": "string",
            "maxLength": 256
        },     
		"researchComment": {
			"description": "Text entered by a requestor, a submitter on behalf of a requestor, or a researcher with information pertinent to conducting the research or reporting on its results.  As some examples, it may be an explanation for a challenge, information on what the data should be instead, a message that the data change cannot be seen, or a resolution comment.",
			"type": "string",
			"maxLength": 4000
		},
        "resolutions": {
            "description":  "When the action is 'close', then an array of one or more resolution codes is expected, with one entry here for each research type/sub-research type combination in the iResearch database for this Subject Research.",
            "type": "array",
            "items": {
                "type": "object",
                "additionalProperties": false,
                "properties": {
                    "resolutionCode": {
                        "description": "A code specifying what the outcome of the research activity was, e.g., data was changed or added, update or change was not made because data was correct, no updates were made because requested change could not be verified.",
                        "type": "integer",
                        "maximum": 9999999
                    },
                    "subResolutionCode": {
                        "description": "A code that provides more information on the outcome of the research activity than provided in the Resolution Code.",
                            "type": "integer",
                            "maximum": 9999999
                    },
                    "researchTypesEntryIdentifier": {
                        "description": "A unique identifier assigned using an array index to differentiate this entry from all other entries in the Research Types array specified in the Subject Research json object stored in the iResearch database.  It used to identify the correct entry in that json object to be updated.  It was passed to the UI and it is being returned.",
                        "type": "integer"
                    }
                },
                "required": [
                    "resolutionCode",
                    "researchTypesEntryIdentifier"
                ]
            }
        },
        "researchType" : {
        	"$ref": "iResearchResearchTypeLayout.json"
        },
        "subjectResearchIds": {
            "description":  "A list of subjectResearchIds for which to take action for.",
            "type": "array",
            "items": {
            	"type": "integer",
			    "maximum": 999999999    
            }
        },
        "restrictedView": {
			"description": "When turned ON (set to true), this means the request from now on will only be viewable by a specified role.",
			"type": "boolean"
		},
		"dueDate": {
			"description": "The date the case is due to be completed. The expected format is YYYY-MM-DD",
            "type": "string",
            "maxLength": 10
        },
		"InternalChallengeResolution": {
			"description": "A code used to record the challenge resolution for internal purposes only.  The value here comes from SCoTS Code Table 773 [iResearch Sub Resolution].",
            "type": "integer",
            "maximum": 9999999
        },
        "failIfAlreadyAssigned": {
            "description": "When turned ON (set to true) and used for an Assign action request, this means the request should fail with a CaseAlreadyAssignedException if the case is already assigned to a researcher. Otherwise, when ommitted or set to false, the case would be reassigned.",
            "type": "boolean"
		}   
    }
}