{
	"$schema": "http://json-schema.org/draft-04/schema#",
	"type": "object",
	"additionalProperties": false,
	"properties": {
		"researchTeam": {
			"description": "A json object identifying and describing the research team currently assigned to work on this subject research (case).",
			"$ref": "iResearchResearchTeamLayout.json"
		},
		"researchUser": {
			"description": "A json object identifying and describing the user taking the action",
			"$ref": "iResearchResearchUserLayout.json"
		},
		"timestamp": {
			"description": "The date and time when history was recorded for team assignment",
			"type": "string",
			"format": "date-time"
		},
		"updateReasonCode": {
			"description": "The reason the action was taken (Assign/reroute).",
			"type": "integer",
			"maximum": 9999999
		}
	}
}