{
	"$schema": "http://json-schema.org/draft-04/schema#",
	"description": "The return json from Direct+ when a token is requested.",
	"type": "object",
	"additionalProperties": false,
	"javaType": "com.dnb.irsch.bom.firmographics.TokenResponse",
	"properties": {
		"access_token": {
			"description": "Token returned by Direct+ firmographics service.",
			"type": "string",
			"maxLength": 100
		},
		"expiresIn": {
			"description": "Amount of time(seconds) that the token will expire in.",
			"type": "integer",
			"maximum": 9999999	
		}
	}
}
