{
	"$schema": "http://json-schema.org/draft-04/schema#",
	"description": "This is the definition of the json object identifying whether to retrieve an attachment or update the metrics for an attachment related to a trainingMedia row in iResearch's training media database table.",
	"type": "object",
	"additionalProperties": false,
	"properties": {
		"trainingMediaAttachment": {
			"description": "When turned ON (set to true), this means the trainingMediaAttachment for a trainingMediaId should be retrieved for an end user to view.  This parameter must be passed with trainingMediaId.",
			"type": "boolean"
		},
		"trainingMediaId": {
            "description": "A numeric id that uniquely identifies a row/ training medium in iResearch's training media database table.  This is a required parameter.",
            "type": "integer",
            "minimum": 0,
            "maximum": 999999999
        },
        "trainingMediaRating": {
            "description": "A numeric rank from 0 to 5 that indicates the utility an end user feels a training medium provides subjectively, where 0 indicates no utility and 5 indicates highest utility.  This parameter must be passed with trainingMediaId.",
            "type": "integer",
            "minimum": 0,
            "maximum": 5
        }
	},
	"required": ["trainingMediaId"]
}