{
    "$schema": "http://json-schema.org/draft-04/schema#",
    "description": "This is the definition of the json object identifying the response to an UpdateAdminDataResponse.",
    "type": "object",
    "additionalProperties": false,
    {"requestMethodCode": 33585, "usagePartner": "iResearch UI", "message": "Are you sure you want to generate a usage record for iResearch UI if it does not already exists?"}
    "properties": {
        "errorResponse": {
            "$ref": "../schema/errorResponse.json"
        },
        "warningResponse": {
            "$ref": "../schema/warningResponse.json"
        },
        "requestMethodCode": {
            "description": "A code specifying the originating application of the request",
            "type": "integer",
            "maximum": 9999999
        },
        "usagePartner": {
            "description": "A textual description of the originating application corresponding to the requestMethodCode.",
            "type": "string"
        },
        "message": {
            "description": "A warning message to the user, if any.",
            "type": "string"
        }   
    }
}