{
	"$schema": "http://json-schema.org/draft-04/schema#",
	"description": "This is the definition of the json object identifying changes to be made to the data for a Subject Research instance in the iResearch database, namely research results, resolution codes, and/or comments, where these changes might involve additions, deletions, and/or modifications.",
	"type": "object",
	"additionalProperties": false,
	"properties": {
		"updateAdminAction": {
			"description": "A code specifying the action to be taken",
			"type": "integer",
			"maximum": 9999999
		},
		"newSubmissionGroupName": {
			"description": "Text specifying the name of a team of submitters, e.g., D&B Enterprise Group, Verizon, Local Market Customer Service team.",
			"type": "string",
			"maxLength": 240
		},
		"submitterTeam": {
			"$ref": "SubmitterTeam.json"
		},
		"researchTeam": {
			"$ref": "ResearchTeam.json"
		},
		"researchAdminUser": {
			"description": "information to maintain the roles of the user by the admin.",
			"type": "object",
			"additionalProperties": false,
			"properties": {
				"researchUserId": {
					"description": "A number uniquely identifying this user.  It has been assigned by the iResearch Database Management System (DBMS).",
					"type": "integer",
					"maximum": 9999999
				},
				"userAdministration": {
					"description": "Administrative user.",
					"$ref": "../schema/iResearchUserAdministrationLayout.json"
				},
				"modifiedTimestamp": {
					"description": "A numeric value specifying the modified timestamp of a Administrative User.",
					"type": "integer",
					"maximum": 9999999999
				}
			}
        },
        "loginKey": {
            "description": "Text provided by the user that uniquely identifies themself (in the case of a person) or itself (in the case of a system) to the iResearch UI or the product system (e.g., D&B Direct+) for authentication, where this string might be, as some examples, a client identifier or an email address.",
            "type": "string",
            "maxLength": 256
        },
        "userEmailAddress": {
            "description": "Text identifying the destination 'mail' address for reaching the person over the Internet who submitted this request.  It is expected that the domain (e.g., '@dnb.com') will be included in this address.",
            "type": "string",
            "maxLength": 256,
            "format": "email"
		},
		"batchRequestId": {
            "description": "Required parameter for when taking action on a batch.",
			"type": "integer",
			"maximum": 9999999
        },
		"batchDueTimestamp": {
			"description": "The date time the batch admin marks as the batch due data.",
			"format": "date-time",
			"pattern": "YYYY-MM-DDThh:mm:ss.sss±hh:mm"        
        },
		"lookupRule": {
			"description": "A description of the batch lookup rule (must specify batchRequestId with this).",
            "type": "string",
            "maxLength": 250
		},
        "campaignPriority": {
			"description": "A numeric value specifying the priority of the campaign batch. This value can be updated by a batch admin only at time of approval for the batch.  The submitted value for the campaignPriority will be retained if the batch admin does not provide an updated value. Here are possible values and definition:  1 = High, 2 = Medium, 3 = Low.  The UI should display High, Medium, or Low as options but pass the numerical equivalent.  Required parameter when the batch type being approved is a campaign batch.",
			"type": "integer",
			"maximum": 9999999	
		},
        "batchRejectReasonComment": {
            "description": "Text provided by administrator explaining why a batch was rejected.",
            "type": "string"
		},
		"newTeamGroupName": {
			"description": "Text specifying the name of a new team group.",
			"type": "string",
			"maxLength": 240
		},
		"newCountryGroupName": {
			"description": "Text specifying the name of a new country group.",
			"type": "string",
			"maxLength": 240
		},
		"teamGroup" : {
			"description": "Data needed for updating a team group (list of teams)",
			"type": "object",
			"additionalProperties": false,
			"properties": {
				"teamGroupId": {
					"description": "A number uniquely identifying this team group.  It has been assigned by the iResearch Database Management System (DBMS).",
					"type": "integer",
					"maximum": 9999999
				},
				"researchTeamIds": {
				    "description":  "A list of research teams ids.",
		            "type": "array",
		            "items": {
		            	"type": "integer",
		            	"maximum": 9999999
		            }
    			},
				"modifiedTimestamp": {
					"description": "A numeric value specifying the modified timestamp of a team group maintained in the rsch_ref_data table",
					"type": "integer",
					"maximum": 9999999999
				}
			}
		
		},
		"countryGroup" : {
			"description": "Data needed for updating a country group (list of countries)",
			"type": "object",
			"additionalProperties": false,
			"properties": {
				"countryGroupId": {
					"description": "A number uniquely identifying this country group.  It has been assigned by the iResearch Database Management System (DBMS).",
					"type": "integer",
					"maximum": 9999999
				},
				"countryCodes": {
				    "description":  "A list of ISO 2 letter country codes",
		            "type": "array",
		            "items": {
						"type": "string",
						"minLength": 2,
						"maxLength": 2
		            }
    			},
				"modifiedTimestamp": {
					"description": "A numeric value specifying the modified timestamp of a country group maintained in the rsch_ref_data table",
					"type": "integer",
					"maximum": 9999999999
				}
			}
		},
		"apiAppEntitlement" : {
			"description": "Data needed for updating an api Application Entitlement",
			"type": "object",
			"additionalProperties": false,
			"properties": {
				"apiAppEntlId": {
					"description": "A number uniquely identifying this api app entry.  It has been assigned by the iResearch Database Management System (DBMS).",
					"type": "integer",
					"maximum": 9999999
				},
				"partnerFolderName": {
					"description": "The foldername that is used for this application for STP purposes.",
					"type": "string",
					"maxLength": 30
				},
				"prcsOptnsObj": {
					"description": "Process options object.",
					"$ref": "ProcessingOptionsLayout.json"
				},			
				"modifiedTimestamp": {
					"description": "A numeric value specifying the modified timestamp of the api app entry row.",
					"type": "integer",
					"maximum": 9999999999
				}
			}
		},
		"trainingMediaRecord": {
			"description": "Information for one training media record in iResearch.",
			"type": "object",
			"additionalProperties": false,
			"properties": {
				"trainingMediaId": {
					"description": "A number uniquely identifying a training medium row within iResearch's training media database table.  It has been assigned by the iResearch Database Management System (DBMS).  Required parameter for updating or deleting a training medium row.",
					"type": "integer",
					"maximum": 9999999
				},
				"mediaType": {
						"description": "Text identifying the type of medium.  Expected values include: 'video', 'faq', or 'document'.",
						"type": "string",
						"maxLength": 30
				},
				"mediaTitle": {
					"description": "Text specifying the title of the training medium.  This is the text that a super admin wants a UI user to see that identifies the primary subject matter of the training medium.",
					"type": "string",
					"maxLength": 100
				},
				"mediaDescription": {
					"description": "Text that will act as a blurb or summarization of the purpose of the training medium.",
					"type": "string",
					"maxLength": 10000
				},
				"mediaCategory": {
					"description": "Text that will be used to control which iResearch users are entitled to view the training medium.  Additionally, the category will be used to control different sections in the UI where the medium should be placed for users that are entitled to view it (e.g. A training medium with the category 'adminResearcher.bdrs' will indicate that the training medium should be viewable by admins and researchers and placed within a subsection for BDRS.  All media that is of the same mediaType should be viewable on the same UI page and used in conjunction with the mediaCategory will control which users can see the media and whether the media should be placed in a general section in the UI or a specified subsection in the UI).  These categories will be controlled by the UI.  Required parameter when adding a new training medium.",
					"type": "string",
					"maxLength": 100
				},
				"mediaFileName": {
					"description": "Text specifying the name of the file for a training medium, ending with its file extension name (e.g., doc, pdf, jpg, mp4).  This will be used as the key for requestAttachmentLink service and is required for adding a new training medium.",
					"type": "string",
					"maxLength": 250
				},
				"mediaKeywords": {
					"description": "Text or numeric string that can be used to identify and find a training medium artifact.  These text and/ or numeric strings will be used in searches where if the search string matches one of the mediaKeywords, the training medium will be returned in the search results.  The keyword strings or numeric text will be managed by Super Admins of iResearch.",
					"type": "string",
					"maxLength": 600
				},
				"mediaOrderNumber": {
					"description": "If populated, this is a numeric value designating the order in the UI that the training medium should appear in comparison to other training media (e.g. 1 would place the training medium first in order in the UI over other training media for a particular mediaCategory and mediaType.  If another training medium item in the same mediaCategory is assigned the same order number, then the mediaTitle of the video will be used as a secondary factor to determine which video will appear first based on alphabetical order).",
					"type": "integer",
					"maximum": 999
				}
			}
		},
		"researchRequestId": {
            "description": "A numeric request id provided by a super admin user that uniquely identifies an iResearch research request of interest for retriggering usage. Required when resendUsage parameter is set to true or when requesting a usageRecord message.",
            "type": "integer",
            "minimum": 10000,
            "maximum": 999999999
        },
        "resendUsage": {
        	"description": "When turned ON (set to true), this means resend usage record to down stream system.",
			"type": "boolean"
        },
        "maintenanceOutage": {
			"description": "Information for one maintenance outage window in iResearch.",
			"type": "object",
			"additionalProperties": false,
			"properties": {
				"mntnStartDate": {
					"description": "A numeric value specifying the UTC timestamp (date & time e.g. '2021-03-14 11:50:00') of when the maintenance outage lockout will begin.  It is recommended to have this outage start time be specified as 10 minutes for the actual maintenance start time in order to allow sufficient time to lockout users before the outage begins. Non-maintenance users will no longer be allowed to access the UI once this time starts. This value is required when adding a new maintenance window, and optional when updating a maintenance window.",
					"format": "date-time",
					"pattern": "YYYY-MM-DDThh:mm:ss.sss±hh:mm"
				},
				"mntnEndDate": {
					"description": "A numeric value specifying the UTC timestamp (date & time e.g. '2021-03-14 16:00:00') of when the maintenance outage lockout will end.  It is recommended to have this outage end time be specified at least 4 hours after the scheduled maintenance start time to allow adequate time for testing and unplanned checkout time.  Non-maintenance users will not be allowed to access the UI until this end time expires. This value is required when adding a new maintenance window, and optional when updating a maintenance window.",
					"format": "date-time",
					"pattern": "YYYY-MM-DDThh:mm:ss.sss±hh:mm"    
				},
				"mntnLockoutWarningMinutes": {
					"description": "A numeric value specifying the number of minutes before the 'mntnStartDate' when users should begin receiving regular 5 minute interval notifications that the maintenance outage lockout is approaching.  i.e. 60, would indicate that users should begin receiving regular toaster popup warnings 1 hour before the maintenance start time. This value is required when adding a new maintenance window, and optional when updating a maintenance window.",
					"type": "integer",
					"maximum": 999
				},
				"messageBanner": {
					"description": "Information for a banner message that will display to users informing them proactively of an upcoming maintenance outage window in iResearch.",
					"type": "object",
					"additionalProperties": false,
					"properties": {
						"bannerTitle": {
							"description": "A text string that is used as the primary heading or title that will display within a banner.",
				            "type": "string",
				            "maxLength": 100
						},
						"bannerMessage": {
							"description": "A text string that provides descriptive text or an instructional message that will display within a banner.",
				            "type": "string",
				            "maxLength": 1000
						},
						"bannerSeverity": {
							"description": "A text string that identifies a background color for the banner message where the color is intended to visually communicate the severity (i.e. level of importance) of the message to a user.  'Success' (i.e. light green background for banner message) will indicate that the message has no severity and can be used to communicate a goal or benchmark that has been accomplished. 'Info' (i.e. light blue background for banner message) will indicate a very low level of severity and should include informational text or information instructing/ guiding a user how to perform an action.  'Alert' (i.e. dark blue background for banner message) will indicate a low level of severity and should indicate an alert to the user such as an upcoming change or approaching deadline or an action that can / should be taken. 'Caution' (i.e. amber background for banner message) will indicate a medium level of severity and serve as a cautionary message.  'Warning' (i.e. red background for banner message) will indicate a medium-high level of severity and should serve as a warning message to the user.  'Danger' (i.e. red background for banner message) will indicate a message of the highest priority where the user is informed of an immediate impact that they will face. 'Outage' will indicate an upcoming outage and will display a scrolling marquee message with the upcoming outage information. If this value is not specified it will be defaulted to 'Outage'.",
				            "type": "string",
				            "maxLength": 9
						},
						"bannerDismissable": {
							"description": "When turned ON (set to true) it means that an alert message will display a close indicator that allows the user to remove the banner from it's current displayed location. It is defaulted to the ON position if parameter is not provided.",
            				"type": "boolean"
						},
						"bannerStartDate": {
							"description": "A numeric value specifying the UTC timestamp (date & time e.g. '2021-03-07 11:50:00') of when the banner message for the upcoming maintenance outage should begin displaying.",
							"format": "date-time",
							"pattern": "YYYY-MM-DDThh:mm:ss.sss±hh:mm"
						},
						"bannerEndDate": {
							"description": "A numeric value specifying the UTC timestamp (date & time e.g. '2021-03-14 11:50:00') of when the banner message for a maintenance outage should no longer display. This should be scheduled ideally for the time the outage starts as users will be locked out at that point and will not be able to access the application until the maintenance window expires.",
							"format": "date-time",
							"pattern": "YYYY-MM-DDThh:mm:ss.sss±hh:mm"    
						},
						"bannerActive": {
							"description": "A numeric value representing a boolean value of false when set to 0 and true when set to 1. When banner is active it will display when the bannerStartDate is reached and stop displaying when the bannerEndDate has been reached.  If no bannerStartDate or bannerEndDate is specified then the banner will display indefinitely.  This is a required parameter for initially adding a banner message for an outage window and optional if an existing banner message for an outage window is being updated.",
				            "type": "integer",
				            "minimum": 0,
				            "maximum": 1
				        }
					}
				}
			}
		},
		"messageBanner": {
			"description": "Information for a banner message that displays to a specified group of users, on a specific iResearch page as desired by an iResearch administrator.  This is not intended for a banner message for a maintenance window.",
			"type": "object",
			"additionalProperties": false,
			"properties": {
				"bannerTitle": {
					"description": "A text string that is used as the primary heading or title that will display within a banner.",
		            "type": "string",
		            "maxLength": 100
				},
				"bannerMessage": {
					"description": "A text string that provides descriptive text or an instructional message that will display within a banner.",
		            "type": "string",
		            "maxLength": 1000
				},
				"bannerSeverity": {
					"description": "A text string that identifies a background color for the banner message where the color is intended to visually communicate the severity (i.e. level of importance) of the message to a user.  'Success' (i.e. light green background for banner message) will indicate that the message has no severity and can be used to communicate a goal or benchmark that has been accomplished. 'Info' (i.e. light blue background for banner message) will indicate a very low level of severity and should include informational text or information instructing/ guiding a user how to perform an action.  'Alert' (i.e. dark blue background for banner message) will indicate a low level of severity and should indicate an alert to the user such as an upcoming change or approaching deadline or an action that can / should be taken. 'Caution' (i.e. amber background for banner message) will indicate a medium level of severity and serve as a cautionary message.  'Warning' (i.e. red background for banner message) will indicate a medium-high level of severity and should serve as a warning message to the user.  'Danger' (i.e. red background for banner message) will indicate a message of the highest priority where the user is informed of an immediate impact that they will face. This is mandatory to add a new banner message and optional if a banner message is being updated.",
		            "type": "string",
		            "maxLength": 9
				},
				"bannerDismissable": {
					"description": "When turned ON (set to true) it means that an alert message will display a close indicator that allows the user to remove the banner from it's current displayed location. It is defaulted to the ON position if parameter is not provided.",
    				"type": "boolean"
				},
				"bannerNotifyRoles": {
					"description": "An array recording the iResearch Roles and/or IDaaS Roles that are the intended audience for a banner message (e.g., IRESEARCH_RESTRICTED_VIEW_REVIEWER and IRESEARCH_SUBMITTER_US_SUPER7). If the IDaaS Role is either 'IRESEARCH_RESEARCHER' or 'IRESEARCH_RESEARCHER_LOCALADMIN', then a specific team may also be designated to target the banner message to that team.  If array is left empty (i.e. []) then it is assumed that banner audience is all iResearch roles.  If this value is not provided it will be deafulted to all roles [].",
					"type": "array",
			            "items": {
			                "type": "object",
			                "additionalProperties": false,
			                "$ref": "RolesToNotify.json"
			        }
				},
				"bannerStartDate": {
					"description": "A numeric value specifying the UTC timestamp (date & time e.g. '2021-03-07 11:50:00') of when the banner message for the upcoming maintenance outage should begin displaying.",
					"format": "date-time",
					"pattern": "YYYY-MM-DDThh:mm:ss.sss±hh:mm"
				},
				"bannerEndDate": {
					"description": "A numeric value specifying the UTC timestamp (date & time e.g. '2021-03-14 11:50:00') of when the banner message for a maintenance outage should no longer display. This should be scheduled ideally for the time the outage starts as users will be locked out at that point and will not be able to access the application until the maintenance window expires.",
					"format": "date-time",
					"pattern": "YYYY-MM-DDThh:mm:ss.sss±hh:mm"    
				},
				"bannerActive": {
					"description": "A numeric value representing a boolean value of false when set to 0 and true when set to 1. When banner is active it will display when the bannerStartDate is reached and stop displaying when the bannerEndDate has been reached.  If no bannerStartDate or bannerEndDate is specified then the banner will display indefinitely.  This is a required parameter for initially adding a banner message and optional if the banner message is only being updated.",
		            "type": "integer",
		            "minimum": 0,
		            "maximum": 1
		        }
			}
		}   
	}
}