{
	"$schema": "http://json-schema.org/draft-04/schema#",
	"description": "This is the definition of the json object that will be used to update/close a getNext case. ",
	"type":  "object",
	"additionalProperties": false,
    "properties": {
        "getNextUpdateActionTypeCode": {
            "description": "The update action that needs to be carried out for when a getNext case is being updated or updated and closed. ",
            "type": "integer",
            "maximum": 9999999
        },
		"subjectResearchId": {
			"description": "A number that uniquely identifies the iResearch subject research to be updated.",
			"type": "integer",
			"minimum": 10000,
            "maximum": 999999999
		},
        "researchResult": {
            "$ref": "iResearchResearchResultLayout.json"
        },                    
        "resolutionCode": {
			"description": "A code specifying what the outcome of the research activity was, e.g., data was changed or added, update or change was not made because data was correct, no updates were made because requested change could not be verified.",
			"type": "integer",
			"maximum": 9999999
        }
    }
}