{
	"$schema": "http://json-schema.org/draft-04/schema#",
	"description": "This is the definition of the json object sent to the UpdateAndCloseBatchParser telling it to process a partner file.",
	"type": "object",
	"additionalProperties": false,
	"properties": {
		"fileTrackingId": {
			"description": "The file tracking id in the fle_tkg table",
			"type": "integer",
			"maximum": 9999999
        },
        "startingRecordNumber": {
            "description": "If populated, this is a continuation message and the batch is to continue submission at this record#.",
            "type": "integer",
            "minimum": 1,
            "maximum": 999999999
        },
        "source": {
            "description": "The module making this request (StpPartnerDeliveryPlugin or UpdateAndCloseBatchParser).",
            "type": "string"
        }       
	}
}