{
    "$schema": "http://json-schema.org/draft-04/schema#",
    "description": "The request for Dun & Bradstreet to update attributes about a user.",
    "type": "object",
    "additionalProperties": false,
    "properties": {
        "user": {
            "description": "Attributes about the specified user which are to be updated. Some fields like update timestamps will be ignored and replaced by current time by the server.",
            "$ref": "../schema/iResearchUserLayout.json"
        }
    }
}