{
	"$schema": "http://json-schema.org/draft-04/schema#",
	"type": "object",
	"additionalProperties": false,
	"properties": {
		"researchUserAssigner": {
			"description": "A json object identifying and describing the user currently assigning the case",
			"$ref": "iResearchResearchUserLayout.json"
		},
		"researchUserAssignee": {
			"description": "A json object identifying and describing the user being assigned the case",
			"$ref": "iResearchResearchUserLayout.json"
		},
		"timestamp": {
			"description": "The date and time when history was recorded for user assignment",
			"type": "string",
			"format": "date-time"
		},
		"updateReasonCode": {
			"description": "The reason the action was taken (Assign/Transfer).",
			"type": "integer",
			"maximum": 9999999
		}
	}
}