{
    "$schema": "http://json-schema.org/draft-04/schema#",
    "description": "Holds further information about any warning to be relayed to the user about their request. A response may have an error or a warning, but never both.",
    "type":  "object",
    "additionalProperties": false,
    "properties": 
    {
        "warningMessage": {
            "description": "Descriptive user-friendly message of what warning occurred.",
            "type": "string"
        },
        "warningType": {
            "description": "Indicator of the type of warning that occurred, e.g. .",
            "type": "integer",
            "maximum": 9999999
        }
    }
}
